/*
SQLyog Community v12.4.2 (64 bit)
MySQL - 5.6.19 : Database - jpa
*********************************************************************
*/

/*!40101 SET NAMES utf8 */;

/*!40101 SET SQL_MODE=''*/;

/*!40014 SET @OLD_UNIQUE_CHECKS=@@UNIQUE_CHECKS, UNIQUE_CHECKS=0 */;
/*!40014 SET @OLD_FOREIGN_KEY_CHECKS=@@FOREIGN_KEY_CHECKS, FOREIGN_KEY_CHECKS=0 */;
/*!40101 SET @OLD_SQL_MODE=@@SQL_MODE, SQL_MODE='NO_AUTO_VALUE_ON_ZERO' */;
/*!40111 SET @OLD_SQL_NOTES=@@SQL_NOTES, SQL_NOTES=0 */;
CREATE DATABASE /*!32312 IF NOT EXISTS*/`jpa` /*!40100 DEFAULT CHARACTER SET latin1 */;

USE `jpa`;

/*Table structure for table `cities_mstr` */

DROP TABLE IF EXISTS `cities_mstr`;

CREATE TABLE `cities_mstr` (
  `ID` bigint(20) NOT NULL AUTO_INCREMENT,
  `NAME` varchar(30) NOT NULL,
  `STATE_ID` bigint(20) NOT NULL,
  PRIMARY KEY (`ID`),
  KEY `STATE_FK` (`STATE_ID`),
  CONSTRAINT `STATE_FK` FOREIGN KEY (`STATE_ID`) REFERENCES `states_mstr` (`ID`) ON DELETE CASCADE ON UPDATE CASCADE
) ENGINE=InnoDB AUTO_INCREMENT=1508 DEFAULT CHARSET=latin1;

/*Data for the table `cities_mstr` */

insert  into `cities_mstr`(`ID`,`NAME`,`STATE_ID`) values 
(1,'Kolhapur',21),
(2,'Port Blair',1),
(3,'Adilabad',2),
(4,'Adoni',2),
(5,'Amadalavalasa',2),
(6,'Amalapuram',2),
(7,'Anakapalle',2),
(8,'Anantapur',2),
(9,'Badepalle',2),
(10,'Banganapalle',2),
(11,'Bapatla',2),
(12,'Bellampalle',2),
(13,'Bethamcherla',2),
(14,'Bhadrachalam',2),
(15,'Bhainsa',2),
(16,'Bheemunipatnam',2),
(17,'Bhimavaram',2),
(18,'Bhongir',2),
(19,'Bobbili',2),
(20,'Bodhan',2),
(21,'Chilakaluripet',2),
(22,'Chirala',2),
(23,'Chittoor',2),
(24,'Cuddapah',2),
(25,'Devarakonda',2),
(26,'Dharmavaram',2),
(27,'Eluru',2),
(28,'Farooqnagar',2),
(29,'Gadwal',2),
(30,'Gooty',2),
(31,'Gudivada',2),
(32,'Gudur',2),
(33,'Guntakal',2),
(34,'Guntur',2),
(35,'Hanuman Junction',2),
(36,'Hindupur',2),
(37,'Hyderabad',2),
(38,'Ichchapuram',2),
(39,'Jaggaiahpet',2),
(40,'Jagtial',2),
(41,'Jammalamadugu',2),
(42,'Jangaon',2),
(43,'Kadapa',2),
(44,'Kadiri',2),
(45,'Kagaznagar',2),
(46,'Kakinada',2),
(47,'Kalyandurg',2),
(48,'Kamareddy',2),
(49,'Kandukur',2),
(50,'Karimnagar',2),
(51,'Kavali',2),
(52,'Khammam',2),
(53,'Koratla',2),
(54,'Kothagudem',2),
(55,'Kothapeta',2),
(56,'Kovvur',2),
(57,'Kurnool',2),
(58,'Kyathampalle',2),
(59,'Macherla',2),
(60,'Machilipatnam',2),
(61,'Madanapalle',2),
(62,'Mahbubnagar',2),
(63,'Mancherial',2),
(64,'Mandamarri',2),
(65,'Mandapeta',2),
(66,'Manuguru',2),
(67,'Markapur',2),
(68,'Medak',2),
(69,'Miryalaguda',2),
(70,'Mogalthur',2),
(71,'Nagari',2),
(72,'Nagarkurnool',2),
(73,'Nandyal',2),
(74,'Narasapur',2),
(75,'Narasaraopet',2),
(76,'Narayanpet',2),
(77,'Narsipatnam',2),
(78,'Nellore',2),
(79,'Nidadavole',2),
(80,'Nirmal',2),
(81,'Nizamabad',2),
(82,'Nuzvid',2),
(83,'Ongole',2),
(84,'Palacole',2),
(85,'Palasa Kasibugga',2),
(86,'Palwancha',2),
(87,'Parvathipuram',2),
(88,'Pedana',2),
(89,'Peddapuram',2),
(90,'Pithapuram',2),
(91,'Pondur',2),
(92,'Ponnur',2),
(93,'Proddatur',2),
(94,'Punganur',2),
(95,'Puttur',2),
(96,'Rajahmundry',2),
(97,'Rajam',2),
(98,'Ramachandrapuram',2),
(99,'Ramagundam',2),
(100,'Rayachoti',2),
(101,'Rayadurg',2),
(102,'Renigunta',2),
(103,'Repalle',2),
(104,'Sadasivpet',2),
(105,'Salur',2),
(106,'Samalkot',2),
(107,'Sangareddy',2),
(108,'Sattenapalle',2),
(109,'Siddipet',2),
(110,'Singapur',2),
(111,'Sircilla',2),
(112,'Srikakulam',2),
(113,'Srikalahasti',2),
(115,'Suryapet',2),
(116,'Tadepalligudem',2),
(117,'Tadpatri',2),
(118,'Tandur',2),
(119,'Tanuku',2),
(120,'Tenali',2),
(121,'Tirupati',2),
(122,'Tuni',2),
(123,'Uravakonda',2),
(124,'Venkatagiri',2),
(125,'Vicarabad',2),
(126,'Vijayawada',2),
(127,'Vinukonda',2),
(128,'Visakhapatnam',2),
(129,'Vizianagaram',2),
(130,'Wanaparthy',2),
(131,'Warangal',2),
(132,'Yellandu',2),
(133,'Yemmiganur',2),
(134,'Yerraguntla',2),
(135,'Zahirabad',2),
(136,'Rajampet',2),
(137,'Along',3),
(138,'Bomdila',3),
(139,'Itanagar',3),
(140,'Naharlagun',3),
(141,'Pasighat',3),
(142,'Abhayapuri',4),
(143,'Amguri',4),
(144,'Anandnagaar',4),
(145,'Barpeta',4),
(146,'Barpeta Road',4),
(147,'Bilasipara',4),
(148,'Bongaigaon',4),
(149,'Dhekiajuli',4),
(150,'Dhubri',4),
(151,'Dibrugarh',4),
(152,'Digboi',4),
(153,'Diphu',4),
(154,'Dispur',4),
(156,'Gauripur',4),
(157,'Goalpara',4),
(158,'Golaghat',4),
(159,'Guwahati',4),
(160,'Haflong',4),
(161,'Hailakandi',4),
(162,'Hojai',4),
(163,'Jorhat',4),
(164,'Karimganj',4),
(165,'Kokrajhar',4),
(166,'Lanka',4),
(167,'Lumding',4),
(168,'Mangaldoi',4),
(169,'Mankachar',4),
(170,'Margherita',4),
(171,'Mariani',4),
(172,'Marigaon',4),
(173,'Nagaon',4),
(174,'Nalbari',4),
(175,'North Lakhimpur',4),
(176,'Rangia',4),
(177,'Sibsagar',4),
(178,'Silapathar',4),
(179,'Silchar',4),
(180,'Tezpur',4),
(181,'Tinsukia',4),
(182,'Amarpur',5),
(183,'Araria',5),
(184,'Areraj',5),
(185,'Arrah',5),
(186,'Asarganj',5),
(187,'Aurangabad',5),
(188,'Bagaha',5),
(189,'Bahadurganj',5),
(190,'Bairgania',5),
(191,'Bakhtiarpur',5),
(192,'Banka',5),
(193,'Banmankhi Bazar',5),
(194,'Barahiya',5),
(195,'Barauli',5),
(196,'Barbigha',5),
(197,'Barh',5),
(198,'Begusarai',5),
(199,'Behea',5),
(200,'Bettiah',5),
(201,'Bhabua',5),
(202,'Bhagalpur',5),
(203,'Bihar Sharif',5),
(204,'Bikramganj',5),
(205,'Bodh Gaya',5),
(206,'Buxar',5),
(207,'Chandan Bara',5),
(208,'Chanpatia',5),
(209,'Chhapra',5),
(210,'Colgong',5),
(211,'Dalsinghsarai',5),
(212,'Darbhanga',5),
(213,'Daudnagar',5),
(214,'Dehri-on-Sone',5),
(215,'Dhaka',5),
(216,'Dighwara',5),
(217,'Dumraon',5),
(218,'Fatwah',5),
(219,'Forbesganj',5),
(220,'Gaya',5),
(221,'Gogri Jamalpur',5),
(222,'Gopalganj',5),
(223,'Hajipur',5),
(224,'Hilsa',5),
(225,'Hisua',5),
(226,'Islampur',5),
(227,'Jagdispur',5),
(228,'Jamalpur',5),
(229,'Jamui',5),
(230,'Jehanabad',5),
(231,'Jhajha',5),
(232,'Jhanjharpur',5),
(233,'Jogabani',5),
(234,'Kanti',5),
(235,'Katihar',5),
(236,'Khagaria',5),
(237,'Kharagpur',5),
(238,'Kishanganj',5),
(239,'Lakhisarai',5),
(240,'Lalganj',5),
(241,'Madhepura',5),
(242,'Madhubani',5),
(243,'Maharajganj',5),
(244,'Mahnar Bazar',5),
(245,'Makhdumpur',5),
(246,'Maner',5),
(247,'Manihari',5),
(248,'Marhaura',5),
(249,'Masaurhi',5),
(250,'Mirganj',5),
(251,'Mokameh',5),
(252,'Motihari',5),
(253,'Motipur',5),
(254,'Munger',5),
(255,'Murliganj',5),
(256,'Muzaffarpur',5),
(257,'Narkatiaganj',5),
(258,'Naugachhia',5),
(259,'Nawada',5),
(260,'Nokha',5),
(261,'Patna',5),
(262,'Piro',5),
(263,'Purnia',5),
(264,'Rafiganj',5),
(265,'Rajgir',5),
(266,'Ramnagar',5),
(267,'Raxaul Bazar',5),
(268,'Revelganj',5),
(269,'Rosera',5),
(270,'Saharsa',5),
(271,'Samastipur',5),
(272,'Sasaram',5),
(273,'Sheikhpura',5),
(274,'Sheohar',5),
(275,'Sherghati',5),
(276,'Silao',5),
(277,'Sitamarhi',5),
(278,'Siwan',5),
(279,'Sonepur',5),
(280,'Sugauli',5),
(281,'Sultanganj',5),
(282,'Supaul',5),
(283,'Warisaliganj',5),
(284,'Ahiwara',7),
(285,'Akaltara',7),
(286,'Ambagarh Chowki',7),
(287,'Ambikapur',7),
(288,'Arang',7),
(289,'Bade Bacheli',7),
(290,'Balod',7),
(291,'Baloda Bazar',7),
(292,'Bemetra',7),
(293,'Bhatapara',7),
(294,'Bilaspur',7),
(295,'Birgaon',7),
(296,'Champa',7),
(297,'Chirmiri',7),
(298,'Dalli-Rajhara',7),
(299,'Dhamtari',7),
(300,'Dipka',7),
(301,'Dongargarh',7),
(302,'Durg-Bhilai Nagar',7),
(303,'Gobranawapara',7),
(304,'Jagdalpur',7),
(305,'Janjgir',7),
(306,'Jashpurnagar',7),
(307,'Kanker',7),
(308,'Kawardha',7),
(309,'Kondagaon',7),
(310,'Korba',7),
(311,'Mahasamund',7),
(312,'Mahendragarh',7),
(313,'Mungeli',7),
(314,'Naila Janjgir',7),
(315,'Raigarh',7),
(316,'Raipur',7),
(317,'Rajnandgaon',7),
(318,'Sakti',7),
(319,'Tilda Newra',7),
(320,'Amli',8),
(321,'Silvassa',8),
(322,'Daman and Diu',9),
(323,'Daman and Diu',9),
(324,'Asola',10),
(325,'Delhi',10),
(326,'Aldona',11),
(327,'Curchorem Cacora',11),
(328,'Madgaon',11),
(329,'Mapusa',11),
(330,'Margao',11),
(331,'Marmagao',11),
(332,'Panaji',11),
(333,'Ahmedabad',12),
(334,'Amreli',12),
(335,'Anand',12),
(336,'Ankleshwar',12),
(337,'Bharuch',12),
(338,'Bhavnagar',12),
(339,'Bhuj',12),
(340,'Cambay',12),
(341,'Dahod',12),
(342,'Deesa',12),
(344,'Dholka',12),
(345,'Gandhinagar',12),
(346,'Godhra',12),
(347,'Himatnagar',12),
(348,'Idar',12),
(349,'Jamnagar',12),
(350,'Junagadh',12),
(351,'Kadi',12),
(352,'Kalavad',12),
(353,'Kalol',12),
(354,'Kapadvanj',12),
(355,'Karjan',12),
(356,'Keshod',12),
(357,'Khambhalia',12),
(358,'Khambhat',12),
(359,'Kheda',12),
(360,'Khedbrahma',12),
(361,'Kheralu',12),
(362,'Kodinar',12),
(363,'Lathi',12),
(364,'Limbdi',12),
(365,'Lunawada',12),
(366,'Mahesana',12),
(367,'Mahuva',12),
(368,'Manavadar',12),
(369,'Mandvi',12),
(370,'Mangrol',12),
(371,'Mansa',12),
(372,'Mehmedabad',12),
(373,'Modasa',12),
(374,'Morvi',12),
(375,'Nadiad',12),
(376,'Navsari',12),
(377,'Padra',12),
(378,'Palanpur',12),
(379,'Palitana',12),
(380,'Pardi',12),
(381,'Patan',12),
(382,'Petlad',12),
(383,'Porbandar',12),
(384,'Radhanpur',12),
(385,'Rajkot',12),
(386,'Rajpipla',12),
(387,'Rajula',12),
(388,'Ranavav',12),
(389,'Rapar',12),
(390,'Salaya',12),
(391,'Sanand',12),
(392,'Savarkundla',12),
(393,'Sidhpur',12),
(394,'Sihor',12),
(395,'Songadh',12),
(396,'Surat',12),
(397,'Talaja',12),
(398,'Thangadh',12),
(399,'Tharad',12),
(400,'Umbergaon',12),
(401,'Umreth',12),
(402,'Una',12),
(403,'Unjha',12),
(404,'Upleta',12),
(405,'Vadnagar',12),
(406,'Vadodara',12),
(407,'Valsad',12),
(408,'Vapi',12),
(409,'Vapi',12),
(410,'Veraval',12),
(411,'Vijapur',12),
(412,'Viramgam',12),
(413,'Visnagar',12),
(414,'Vyara',12),
(415,'Wadhwan',12),
(416,'Wankaner',12),
(417,'Adalaj',12),
(418,'Adityana',12),
(419,'Alang',12),
(420,'Ambaji',12),
(421,'Ambaliyasan',12),
(422,'Andada',12),
(423,'Anjar',12),
(424,'Anklav',12),
(425,'Antaliya',12),
(426,'Arambhada',12),
(427,'Atul',12),
(428,'Ballabhgarh',13),
(429,'Ambala',13),
(430,'Ambala',13),
(431,'Asankhurd',13),
(432,'Assandh',13),
(433,'Ateli',13),
(434,'Babiyal',13),
(435,'Bahadurgarh',13),
(436,'Barwala',13),
(437,'Bhiwani',13),
(438,'Charkhi Dadri',13),
(439,'Cheeka',13),
(440,'Ellenabad 2',13),
(441,'Faridabad',13),
(442,'Fatehabad',13),
(443,'Ganaur',13),
(444,'Gharaunda',13),
(445,'Gohana',13),
(446,'Gurgaon',13),
(447,'Haibat(Yamuna Nagar)',13),
(448,'Hansi',13),
(449,'Hisar',13),
(450,'Hodal',13),
(451,'Jhajjar',13),
(452,'Jind',13),
(453,'Kaithal',13),
(454,'Kalan Wali',13),
(455,'Kalka',13),
(456,'Karnal',13),
(457,'Ladwa',13),
(458,'Mahendragarh',13),
(459,'Mandi Dabwali',13),
(460,'Narnaul',13),
(461,'Narwana',13),
(462,'Palwal',13),
(463,'Panchkula',13),
(464,'Panipat',13),
(465,'Pehowa',13),
(466,'Pinjore',13),
(467,'Rania',13),
(468,'Ratia',13),
(469,'Rewari',13),
(470,'Rohtak',13),
(471,'Safidon',13),
(472,'Samalkha',13),
(473,'Shahbad',13),
(474,'Sirsa',13),
(475,'Sohna',13),
(476,'Sonipat',13),
(477,'Taraori',13),
(478,'Thanesar',13),
(479,'Tohana',13),
(480,'Yamunanagar',13),
(481,'Arki',14),
(482,'Baddi',14),
(483,'Bilaspur',14),
(484,'Chamba',14),
(485,'Dalhousie',14),
(486,'Dharamsala',14),
(487,'Hamirpur',14),
(488,'Mandi',14),
(489,'Nahan',14),
(490,'Shimla',14),
(491,'Solan',14),
(492,'Sundarnagar',14),
(493,'Jammu',15),
(494,'Achabbal',15),
(495,'Akhnoor',15),
(496,'Anantnag',15),
(497,'Arnia',15),
(498,'Awantipora',15),
(499,'Bandipore',15),
(500,'Baramula',15),
(501,'Kathua',15),
(502,'Leh',15),
(503,'Punch',15),
(504,'Rajauri',15),
(505,'Sopore',15),
(506,'Srinagar',15),
(507,'Udhampur',15),
(508,'Amlabad',16),
(509,'Ara',16),
(510,'Barughutu',16),
(511,'Bokaro Steel City',16),
(512,'Chaibasa',16),
(513,'Chakradharpur',16),
(514,'Chandrapura',16),
(515,'Chatra',16),
(516,'Chirkunda',16),
(517,'Churi',16),
(518,'Daltonganj',16),
(519,'Deoghar',16),
(520,'Dhanbad',16),
(521,'Dumka',16),
(522,'Garhwa',16),
(523,'Ghatshila',16),
(524,'Giridih',16),
(525,'Godda',16),
(526,'Gomoh',16),
(527,'Gumia',16),
(528,'Gumla',16),
(529,'Hazaribag',16),
(530,'Hussainabad',16),
(531,'Jamshedpur',16),
(532,'Jamtara',16),
(533,'Jhumri Tilaiya',16),
(534,'Khunti',16),
(535,'Lohardaga',16),
(536,'Madhupur',16),
(537,'Mihijam',16),
(538,'Musabani',16),
(539,'Pakaur',16),
(540,'Patratu',16),
(541,'Phusro',16),
(542,'Ramngarh',16),
(543,'Ranchi',16),
(544,'Sahibganj',16),
(545,'Saunda',16),
(546,'Simdega',16),
(547,'Tenu Dam-cum- Kathhara',16),
(548,'Arasikere',17),
(549,'Bangalore',17),
(550,'Belgaum',17),
(551,'Bellary',17),
(552,'Chamrajnagar',17),
(553,'Chikkaballapur',17),
(554,'Chintamani',17),
(555,'Chitradurga',17),
(556,'Gulbarga',17),
(557,'Gundlupet',17),
(558,'Hassan',17),
(559,'Hospet',17),
(560,'Hubli',17),
(561,'Karkala',17),
(562,'Karwar',17),
(563,'Kolar',17),
(564,'Kota',17),
(565,'Lakshmeshwar',17),
(566,'Lingsugur',17),
(567,'Maddur',17),
(568,'Madhugiri',17),
(569,'Madikeri',17),
(570,'Magadi',17),
(571,'Mahalingpur',17),
(572,'Malavalli',17),
(573,'Malur',17),
(574,'Mandya',17),
(575,'Mangalore',17),
(576,'Manvi',17),
(577,'Mudalgi',17),
(578,'Mudbidri',17),
(579,'Muddebihal',17),
(580,'Mudhol',17),
(581,'Mulbagal',17),
(582,'Mundargi',17),
(583,'Mysore',17),
(584,'Nanjangud',17),
(585,'Pavagada',17),
(586,'Puttur',17),
(587,'Rabkavi Banhatti',17),
(588,'Raichur',17),
(589,'Ramanagaram',17),
(590,'Ramdurg',17),
(591,'Ranibennur',17),
(592,'Robertson Pet',17),
(593,'Ron',17),
(594,'Sadalgi',17),
(595,'Sagar',17),
(596,'Sakleshpur',17),
(597,'Sandur',17),
(598,'Sankeshwar',17),
(599,'Saundatti-Yellamma',17),
(600,'Savanur',17),
(601,'Sedam',17),
(602,'Shahabad',17),
(603,'Shahpur',17),
(604,'Shiggaon',17),
(605,'Shikapur',17),
(606,'Shimoga',17),
(607,'Shorapur',17),
(608,'Shrirangapattana',17),
(609,'Sidlaghatta',17),
(610,'Sindgi',17),
(611,'Sindhnur',17),
(612,'Sira',17),
(613,'Sirsi',17),
(614,'Siruguppa',17),
(615,'Srinivaspur',17),
(616,'Talikota',17),
(617,'Tarikere',17),
(618,'Tekkalakota',17),
(619,'Terdal',17),
(620,'Tiptur',17),
(621,'Tumkur',17),
(622,'Udupi',17),
(623,'Vijayapura',17),
(624,'Wadi',17),
(625,'Yadgir',17),
(626,'Adoor',18),
(627,'Akathiyoor',18),
(628,'Alappuzha',18),
(629,'Ancharakandy',18),
(630,'Aroor',18),
(631,'Ashtamichira',18),
(632,'Attingal',18),
(633,'Avinissery',18),
(634,'Chalakudy',18),
(635,'Changanassery',18),
(636,'Chendamangalam',18),
(637,'Chengannur',18),
(638,'Cherthala',18),
(639,'Cheruthazham',18),
(640,'Chittur-Thathamangalam',18),
(641,'Chockli',18),
(642,'Erattupetta',18),
(643,'Guruvayoor',18),
(644,'Irinjalakuda',18),
(645,'Kadirur',18),
(646,'Kalliasseri',18),
(647,'Kalpetta',18),
(648,'Kanhangad',18),
(649,'Kanjikkuzhi',18),
(650,'Kannur',18),
(651,'Kasaragod',18),
(652,'Kayamkulam',18),
(653,'Kochi',18),
(654,'Kodungallur',18),
(655,'Kollam',18),
(656,'Koothuparamba',18),
(657,'Kothamangalam',18),
(658,'Kottayam',18),
(659,'Kozhikode',18),
(660,'Kunnamkulam',18),
(661,'Malappuram',18),
(662,'Mattannur',18),
(663,'Mavelikkara',18),
(664,'Mavoor',18),
(665,'Muvattupuzha',18),
(666,'Nedumangad',18),
(667,'Neyyattinkara',18),
(668,'Ottappalam',18),
(669,'Palai',18),
(670,'Palakkad',18),
(671,'Panniyannur',18),
(672,'Pappinisseri',18),
(673,'Paravoor',18),
(674,'Pathanamthitta',18),
(675,'Payyannur',18),
(676,'Peringathur',18),
(677,'Perinthalmanna',18),
(678,'Perumbavoor',18),
(679,'Ponnani',18),
(680,'Punalur',18),
(681,'Quilandy',18),
(682,'Shoranur',18),
(683,'Taliparamba',18),
(684,'Thiruvalla',18),
(685,'Thiruvananthapuram',18),
(686,'Thodupuzha',18),
(687,'Thrissur',18),
(688,'Tirur',18),
(689,'Vadakara',18),
(690,'Vaikom',18),
(691,'Varkala',18),
(692,'Kavaratti',19),
(693,'Ashok Nagar',20),
(694,'Balaghat',20),
(695,'Betul',20),
(696,'Bhopal',20),
(697,'Burhanpur',20),
(698,'Chhatarpur',20),
(699,'Dabra',20),
(700,'Datia',20),
(701,'Dewas',20),
(702,'Dhar',20),
(703,'Fatehabad',20),
(704,'Gwalior',20),
(705,'Indore',20),
(706,'Itarsi',20),
(707,'Jabalpur',20),
(708,'Katni',20),
(709,'Kotma',20),
(710,'Lahar',20),
(711,'Lundi',20),
(712,'Maharajpur',20),
(713,'Mahidpur',20),
(714,'Maihar',20),
(715,'Malajkhand',20),
(716,'Manasa',20),
(717,'Manawar',20),
(718,'Mandideep',20),
(719,'Mandla',20),
(720,'Mandsaur',20),
(721,'Mauganj',20),
(722,'Mhow Cantonment',20),
(723,'Mhowgaon',20),
(724,'Morena',20),
(725,'Multai',20),
(726,'Murwara',20),
(727,'Nagda',20),
(728,'Nainpur',20),
(729,'Narsinghgarh',20),
(730,'Narsinghgarh',20),
(731,'Neemuch',20),
(732,'Nepanagar',20),
(733,'Niwari',20),
(734,'Nowgong',20),
(735,'Nowrozabad',20),
(736,'Pachore',20),
(737,'Pali',20),
(738,'Panagar',20),
(739,'Pandhurna',20),
(740,'Panna',20),
(741,'Pasan',20),
(742,'Pipariya',20),
(743,'Pithampur',20),
(744,'Porsa',20),
(745,'Prithvipur',20),
(746,'Raghogarh-Vijaypur',20),
(747,'Rahatgarh',20),
(748,'Raisen',20),
(749,'Rajgarh',20),
(750,'Ratlam',20),
(751,'Rau',20),
(752,'Rehli',20),
(753,'Rewa',20),
(754,'Sabalgarh',20),
(755,'Sagar',20),
(756,'Sanawad',20),
(757,'Sarangpur',20),
(758,'Sarni',20),
(759,'Satna',20),
(760,'Sausar',20),
(761,'Sehore',20),
(762,'Sendhwa',20),
(763,'Seoni',20),
(764,'Seoni-Malwa',20),
(765,'Shahdol',20),
(766,'Shajapur',20),
(767,'Shamgarh',20),
(768,'Sheopur',20),
(769,'Shivpuri',20),
(770,'Shujalpur',20),
(771,'Sidhi',20),
(772,'Sihora',20),
(773,'Singrauli',20),
(774,'Sironj',20),
(775,'Sohagpur',20),
(776,'Tarana',20),
(777,'Tikamgarh',20),
(778,'Ujhani',20),
(779,'Ujjain',20),
(780,'Umaria',20),
(781,'Vidisha',20),
(782,'Wara Seoni',20),
(783,'Ahmednagar',21),
(784,'Akola',21),
(785,'Amravati',21),
(786,'Aurangabad',21),
(787,'Baramati',21),
(788,'Chalisgaon',21),
(789,'Chinchani',21),
(790,'Devgarh',21),
(791,'Dhule',21),
(792,'Dombivli',21),
(793,'Durgapur',21),
(794,'Ichalkaranji',21),
(795,'Jalna',21),
(796,'Kalyan',21),
(797,'Latur',21),
(798,'Loha',21),
(799,'Lonar',21),
(800,'Lonavla',21),
(801,'Mahad',21),
(802,'Mahuli',21),
(803,'Malegaon',21),
(804,'Malkapur',21),
(805,'Manchar',21),
(806,'Mangalvedhe',21),
(807,'Mangrulpir',21),
(808,'Manjlegaon',21),
(809,'Manmad',21),
(810,'Manwath',21),
(811,'Mehkar',21),
(812,'Mhaswad',21),
(813,'Miraj',21),
(814,'Morshi',21),
(815,'Mukhed',21),
(816,'Mul',21),
(817,'Mumbai',21),
(818,'Murtijapur',21),
(819,'Nagpur',21),
(820,'Nalasopara',21),
(821,'Nanded-Waghala',21),
(822,'Nandgaon',21),
(823,'Nandura',21),
(824,'Nandurbar',21),
(825,'Narkhed',21),
(826,'Nashik',21),
(827,'Navi Mumbai',21),
(828,'Nawapur',21),
(829,'Nilanga',21),
(830,'Osmanabad',21),
(831,'Ozar',21),
(832,'Pachora',21),
(833,'Paithan',21),
(834,'Palghar',21),
(835,'Pandharkaoda',21),
(836,'Pandharpur',21),
(837,'Panvel',21),
(838,'Parbhani',21),
(839,'Parli',21),
(840,'Parola',21),
(841,'Partur',21),
(842,'Pathardi',21),
(843,'Pathri',21),
(844,'Patur',21),
(845,'Pauni',21),
(846,'Pen',21),
(847,'Phaltan',21),
(848,'Pulgaon',21),
(849,'Pune',21),
(850,'Purna',21),
(851,'Pusad',21),
(852,'Rahuri',21),
(853,'Rajura',21),
(854,'Ramtek',21),
(855,'Ratnagiri',21),
(856,'Raver',21),
(857,'Risod',21),
(858,'Sailu',21),
(859,'Sangamner',21),
(860,'Sangli',21),
(861,'Sangole',21),
(862,'Sasvad',21),
(863,'Satana',21),
(864,'Satara',21),
(865,'Savner',21),
(866,'Sawantwadi',21),
(867,'Shahade',21),
(868,'Shegaon',21),
(869,'Shendurjana',21),
(870,'Shirdi',21),
(871,'Shirpur-Warwade',21),
(872,'Shirur',21),
(873,'Shrigonda',21),
(874,'Shrirampur',21),
(875,'Sillod',21),
(876,'Sinnar',21),
(877,'Solapur',21),
(878,'Soyagaon',21),
(879,'Talegaon Dabhade',21),
(880,'Talode',21),
(881,'Tasgaon',21),
(882,'Tirora',21),
(883,'Tuljapur',21),
(884,'Tumsar',21),
(885,'Uran',21),
(886,'Uran Islampur',21),
(887,'Wadgaon Road',21),
(888,'Wai',21),
(889,'Wani',21),
(890,'Wardha',21),
(891,'Warora',21),
(892,'Warud',21),
(893,'Washim',21),
(894,'Yevla',21),
(895,'Uchgaon',21),
(896,'Udgir',21),
(897,'Umarga',21),
(898,'Umarkhed',21),
(899,'Umred',21),
(900,'Vadgaon Kasba',21),
(901,'Vaijapur',21),
(902,'Vasai',21),
(903,'Virar',21),
(904,'Vita',21),
(905,'Yavatmal',21),
(906,'Yawal',21),
(907,'Imphal',22),
(908,'Kakching',22),
(909,'Lilong',22),
(910,'Mayang Imphal',22),
(911,'Thoubal',22),
(912,'Jowai',23),
(913,'Nongstoin',23),
(914,'Shillong',23),
(915,'Tura',23),
(916,'Aizawl',24),
(917,'Champhai',24),
(918,'Lunglei',24),
(919,'Saiha',24),
(920,'Dimapur',25),
(921,'Kohima',25),
(922,'Mokokchung',25),
(923,'Tuensang',25),
(924,'Wokha',25),
(925,'Zunheboto',25),
(950,'Anandapur',26),
(951,'Anugul',26),
(952,'Asika',26),
(953,'Balangir',26),
(954,'Balasore',26),
(955,'Baleshwar',26),
(956,'Bamra',26),
(957,'Barbil',26),
(958,'Bargarh',26),
(959,'Bargarh',26),
(960,'Baripada',26),
(961,'Basudebpur',26),
(962,'Belpahar',26),
(963,'Bhadrak',26),
(964,'Bhawanipatna',26),
(965,'Bhuban',26),
(966,'Bhubaneswar',26),
(967,'Biramitrapur',26),
(968,'Brahmapur',26),
(969,'Brajrajnagar',26),
(970,'Byasanagar',26),
(971,'Cuttack',26),
(972,'Debagarh',26),
(973,'Dhenkanal',26),
(974,'Gunupur',26),
(975,'Hinjilicut',26),
(976,'Jagatsinghapur',26),
(977,'Jajapur',26),
(978,'Jaleswar',26),
(979,'Jatani',26),
(980,'Jeypur',26),
(981,'Jharsuguda',26),
(982,'Joda',26),
(983,'Kantabanji',26),
(984,'Karanjia',26),
(985,'Kendrapara',26),
(986,'Kendujhar',26),
(987,'Khordha',26),
(988,'Koraput',26),
(989,'Malkangiri',26),
(990,'Nabarangapur',26),
(991,'Paradip',26),
(992,'Parlakhemundi',26),
(993,'Pattamundai',26),
(994,'Phulabani',26),
(995,'Puri',26),
(996,'Rairangpur',26),
(997,'Rajagangapur',26),
(998,'Raurkela',26),
(999,'Rayagada',26),
(1000,'Sambalpur',26),
(1001,'Soro',26),
(1002,'Sunabeda',26),
(1003,'Sundargarh',26),
(1004,'Talcher',26),
(1005,'Titlagarh',26),
(1006,'Umarkote',26),
(1007,'Karaikal',27),
(1008,'Mahe',27),
(1009,'Puducherry',27),
(1010,'Yanam',27),
(1011,'Ahmedgarh',28),
(1012,'Amritsar',28),
(1013,'Barnala',28),
(1014,'Batala',28),
(1015,'Bathinda',28),
(1016,'Bhagha Purana',28),
(1017,'Budhlada',28),
(1018,'Chandigarh',28),
(1019,'Dasua',28),
(1020,'Dhuri',28),
(1021,'Dinanagar',28),
(1022,'Faridkot',28),
(1023,'Fazilka',28),
(1024,'Firozpur',28),
(1025,'Firozpur Cantt.',28),
(1026,'Giddarbaha',28),
(1027,'Gobindgarh',28),
(1028,'Gurdaspur',28),
(1029,'Hoshiarpur',28),
(1030,'Jagraon',28),
(1031,'Jaitu',28),
(1032,'Jalalabad',28),
(1033,'Jalandhar',28),
(1034,'Jalandhar Cantt.',28),
(1035,'Jandiala',28),
(1036,'Kapurthala',28),
(1037,'Karoran',28),
(1038,'Kartarpur',28),
(1039,'Khanna',28),
(1040,'Kharar',28),
(1041,'Kot Kapura',28),
(1042,'Kurali',28),
(1043,'Longowal',28),
(1044,'Ludhiana',28),
(1045,'Malerkotla',28),
(1046,'Malout',28),
(1047,'Mansa',28),
(1048,'Maur',28),
(1049,'Moga',28),
(1050,'Mohali',28),
(1051,'Morinda',28),
(1052,'Mukerian',28),
(1053,'Muktsar',28),
(1054,'Nabha',28),
(1055,'Nakodar',28),
(1056,'Nangal',28),
(1057,'Nawanshahr',28),
(1058,'Pathankot',28),
(1059,'Patiala',28),
(1060,'Patran',28),
(1061,'Patti',28),
(1062,'Phagwara',28),
(1063,'Phillaur',28),
(1064,'Qadian',28),
(1065,'Raikot',28),
(1066,'Rajpura',28),
(1067,'Rampura Phul',28),
(1068,'Rupnagar',28),
(1069,'Samana',28),
(1070,'Sangrur',28),
(1071,'Sirhind Fatehgarh Sahib',28),
(1072,'Sujanpur',28),
(1073,'Sunam',28),
(1074,'Talwara',28),
(1075,'Tarn Taran',28),
(1076,'Urmar Tanda',28),
(1077,'Zira',28),
(1078,'Zirakpur',28),
(1079,'Bali',29),
(1080,'Banswara',29),
(1081,'Ajmer',29),
(1082,'Alwar',29),
(1083,'Bandikui',29),
(1084,'Baran',29),
(1085,'Barmer',29),
(1086,'Bikaner',29),
(1087,'Fatehpur',29),
(1088,'Jaipur',29),
(1089,'Jaisalmer',29),
(1090,'Jodhpur',29),
(1091,'Kota',29),
(1092,'Lachhmangarh',29),
(1093,'Ladnu',29),
(1094,'Lakheri',29),
(1095,'Lalsot',29),
(1096,'Losal',29),
(1097,'Makrana',29),
(1098,'Malpura',29),
(1099,'Mandalgarh',29),
(1100,'Mandawa',29),
(1101,'Mangrol',29),
(1102,'Merta City',29),
(1103,'Mount Abu',29),
(1104,'Nadbai',29),
(1105,'Nagar',29),
(1106,'Nagaur',29),
(1107,'Nargund',29),
(1108,'Nasirabad',29),
(1109,'Nathdwara',29),
(1110,'Navalgund',29),
(1111,'Nawalgarh',29),
(1112,'Neem-Ka-Thana',29),
(1113,'Nelamangala',29),
(1114,'Nimbahera',29),
(1115,'Nipani',29),
(1116,'Niwai',29),
(1117,'Nohar',29),
(1118,'Nokha',29),
(1119,'Pali',29),
(1120,'Phalodi',29),
(1121,'Phulera',29),
(1122,'Pilani',29),
(1123,'Pilibanga',29),
(1124,'Pindwara',29),
(1125,'Pipar City',29),
(1126,'Prantij',29),
(1127,'Pratapgarh',29),
(1128,'Raisinghnagar',29),
(1129,'Rajakhera',29),
(1130,'Rajaldesar',29),
(1131,'Rajgarh (Alwar)',29),
(1132,'Rajgarh (Churu',29),
(1133,'Rajsamand',29),
(1134,'Ramganj Mandi',29),
(1135,'Ramngarh',29),
(1136,'Ratangarh',29),
(1137,'Rawatbhata',29),
(1138,'Rawatsar',29),
(1139,'Reengus',29),
(1140,'Sadri',29),
(1141,'Sadulshahar',29),
(1142,'Sagwara',29),
(1143,'Sambhar',29),
(1144,'Sanchore',29),
(1145,'Sangaria',29),
(1146,'Sardarshahar',29),
(1147,'Sawai Madhopur',29),
(1148,'Shahpura',29),
(1149,'Shahpura',29),
(1150,'Sheoganj',29),
(1151,'Sikar',29),
(1152,'Sirohi',29),
(1153,'Sojat',29),
(1154,'Sri Madhopur',29),
(1155,'Sujangarh',29),
(1156,'Sumerpur',29),
(1157,'Suratgarh',29),
(1158,'Taranagar',29),
(1159,'Todabhim',29),
(1160,'Todaraisingh',29),
(1161,'Tonk',29),
(1162,'Udaipur',29),
(1163,'Udaipurwati',29),
(1164,'Vijainagar',29),
(1165,'Gangtok',30),
(1166,'Calcutta',36),
(1167,'Arakkonam',31),
(1168,'Arcot',31),
(1169,'Aruppukkottai',31),
(1170,'Bhavani',31),
(1171,'Chengalpattu',31),
(1172,'Chennai',31),
(1173,'Chinna salem',31),
(1174,'Coimbatore',31),
(1175,'Coonoor',31),
(1176,'Cuddalore',31),
(1177,'Dharmapuri',31),
(1178,'Dindigul',31),
(1179,'Erode',31),
(1180,'Gudalur',31),
(1181,'Gudalur',31),
(1182,'Gudalur',31),
(1183,'Kanchipuram',31),
(1184,'Karaikudi',31),
(1185,'Karungal',31),
(1186,'Karur',31),
(1187,'Kollankodu',31),
(1188,'Lalgudi',31),
(1189,'Madurai',31),
(1190,'Nagapattinam',31),
(1191,'Nagercoil',31),
(1192,'Namagiripettai',31),
(1193,'Namakkal',31),
(1194,'Nandivaram-Guduvancheri',31),
(1195,'Nanjikottai',31),
(1196,'Natham',31),
(1197,'Nellikuppam',31),
(1198,'Neyveli',31),
(1199,'O\' Valley',31),
(1200,'Oddanchatram',31),
(1201,'P.N.Patti',31),
(1202,'Pacode',31),
(1203,'Padmanabhapuram',31),
(1204,'Palani',31),
(1205,'Palladam',31),
(1206,'Pallapatti',31),
(1207,'Pallikonda',31),
(1208,'Panagudi',31),
(1209,'Panruti',31),
(1210,'Paramakudi',31),
(1211,'Parangipettai',31),
(1212,'Pattukkottai',31),
(1213,'Perambalur',31),
(1214,'Peravurani',31),
(1215,'Periyakulam',31),
(1216,'Periyasemur',31),
(1217,'Pernampattu',31),
(1218,'Pollachi',31),
(1219,'Polur',31),
(1220,'Ponneri',31),
(1221,'Pudukkottai',31),
(1222,'Pudupattinam',31),
(1223,'Puliyankudi',31),
(1224,'Punjaipugalur',31),
(1225,'Rajapalayam',31),
(1226,'Ramanathapuram',31),
(1227,'Rameshwaram',31),
(1228,'Rasipuram',31),
(1229,'Salem',31),
(1230,'Sankarankoil',31),
(1231,'Sankari',31),
(1232,'Sathyamangalam',31),
(1233,'Sattur',31),
(1234,'Shenkottai',31),
(1235,'Sholavandan',31),
(1236,'Sholingur',31),
(1237,'Sirkali',31),
(1238,'Sivaganga',31),
(1239,'Sivagiri',31),
(1240,'Sivakasi',31),
(1241,'Srivilliputhur',31),
(1242,'Surandai',31),
(1243,'Suriyampalayam',31),
(1244,'Tenkasi',31),
(1245,'Thammampatti',31),
(1246,'Thanjavur',31),
(1247,'Tharamangalam',31),
(1248,'Tharangambadi',31),
(1249,'Theni Allinagaram',31),
(1250,'Thirumangalam',31),
(1251,'Thirunindravur',31),
(1252,'Thiruparappu',31),
(1253,'Thirupuvanam',31),
(1254,'Thiruthuraipoondi',31),
(1255,'Thiruvallur',31),
(1256,'Thiruvarur',31),
(1257,'Thoothukudi',31),
(1258,'Thuraiyur',31),
(1259,'Tindivanam',31),
(1260,'Tiruchendur',31),
(1261,'Tiruchengode',31),
(1262,'Tiruchirappalli',31),
(1263,'Tirukalukundram',31),
(1264,'Tirukkoyilur',31),
(1265,'Tirunelveli',31),
(1266,'Tirupathur',31),
(1267,'Tirupathur',31),
(1268,'Tiruppur',31),
(1269,'Tiruttani',31),
(1270,'Tiruvannamalai',31),
(1271,'Tiruvethipuram',31),
(1272,'Tittakudi',31),
(1273,'Udhagamandalam',31),
(1274,'Udumalaipettai',31),
(1275,'Unnamalaikadai',31),
(1276,'Usilampatti',31),
(1277,'Uthamapalayam',31),
(1278,'Uthiramerur',31),
(1279,'Vadakkuvalliyur',31),
(1280,'Vadalur',31),
(1281,'Vadipatti',31),
(1282,'Valparai',31),
(1283,'Vandavasi',31),
(1284,'Vaniyambadi',31),
(1285,'Vedaranyam',31),
(1286,'Vellakoil',31),
(1287,'Vellore',31),
(1288,'Vikramasingapuram',31),
(1289,'Viluppuram',31),
(1290,'Virudhachalam',31),
(1291,'Virudhunagar',31),
(1292,'Viswanatham',31),
(1293,'Agartala',33),
(1294,'Badharghat',33),
(1295,'Dharmanagar',33),
(1296,'Indranagar',33),
(1297,'Jogendranagar',33),
(1298,'Kailasahar',33),
(1299,'Khowai',33),
(1300,'Pratapgarh',33),
(1301,'Udaipur',33),
(1302,'Achhnera',34),
(1303,'Adari',34),
(1304,'Agra',34),
(1305,'Aligarh',34),
(1306,'Allahabad',34),
(1307,'Amroha',34),
(1308,'Azamgarh',34),
(1309,'Bahraich',34),
(1310,'Ballia',34),
(1311,'Balrampur',34),
(1312,'Banda',34),
(1313,'Bareilly',34),
(1314,'Chandausi',34),
(1315,'Dadri',34),
(1316,'Deoria',34),
(1317,'Etawah',34),
(1318,'Fatehabad',34),
(1319,'Fatehpur',34),
(1320,'Fatehpur',34),
(1321,'Greater Noida',34),
(1322,'Hamirpur',34),
(1323,'Hardoi',34),
(1324,'Jajmau',34),
(1325,'Jaunpur',34),
(1326,'Jhansi',34),
(1327,'Kalpi',34),
(1328,'Kanpur',34),
(1329,'Kota',34),
(1330,'Laharpur',34),
(1331,'Lakhimpur',34),
(1332,'Lal Gopalganj Nindaura',34),
(1333,'Lalganj',34),
(1334,'Lalitpur',34),
(1335,'Lar',34),
(1336,'Loni',34),
(1337,'Lucknow',34),
(1338,'Mathura',34),
(1339,'Meerut',34),
(1340,'Modinagar',34),
(1341,'Muradnagar',34),
(1342,'Nagina',34),
(1343,'Najibabad',34),
(1344,'Nakur',34),
(1345,'Nanpara',34),
(1346,'Naraura',34),
(1347,'Naugawan Sadat',34),
(1348,'Nautanwa',34),
(1349,'Nawabganj',34),
(1350,'Nehtaur',34),
(1351,'NOIDA',34),
(1352,'Noorpur',34),
(1353,'Obra',34),
(1354,'Orai',34),
(1355,'Padrauna',34),
(1356,'Palia Kalan',34),
(1357,'Parasi',34),
(1358,'Phulpur',34),
(1359,'Pihani',34),
(1360,'Pilibhit',34),
(1361,'Pilkhuwa',34),
(1362,'Powayan',34),
(1363,'Pukhrayan',34),
(1364,'Puranpur',34),
(1365,'Purquazi',34),
(1366,'Purwa',34),
(1367,'Rae Bareli',34),
(1368,'Rampur',34),
(1369,'Rampur Maniharan',34),
(1370,'Rasra',34),
(1371,'Rath',34),
(1372,'Renukoot',34),
(1373,'Reoti',34),
(1374,'Robertsganj',34),
(1375,'Rudauli',34),
(1376,'Rudrapur',34),
(1377,'Sadabad',34),
(1378,'Safipur',34),
(1379,'Saharanpur',34),
(1380,'Sahaspur',34),
(1381,'Sahaswan',34),
(1382,'Sahawar',34),
(1383,'Sahjanwa',34),
(1385,'Sambhal',34),
(1386,'Samdhan',34),
(1387,'Samthar',34),
(1388,'Sandi',34),
(1389,'Sandila',34),
(1390,'Sardhana',34),
(1391,'Seohara',34),
(1394,'Shahganj',34),
(1395,'Shahjahanpur',34),
(1396,'Shamli',34),
(1399,'Sherkot',34),
(1401,'Shikohabad',34),
(1402,'Shishgarh',34),
(1403,'Siana',34),
(1404,'Sikanderpur',34),
(1405,'Sikandra Rao',34),
(1406,'Sikandrabad',34),
(1407,'Sirsaganj',34),
(1408,'Sirsi',34),
(1409,'Sitapur',34),
(1410,'Soron',34),
(1411,'Suar',34),
(1412,'Sultanpur',34),
(1413,'Sumerpur',34),
(1414,'Tanda',34),
(1415,'Tanda',34),
(1416,'Tetri Bazar',34),
(1417,'Thakurdwara',34),
(1418,'Thana Bhawan',34),
(1419,'Tilhar',34),
(1420,'Tirwaganj',34),
(1421,'Tulsipur',34),
(1422,'Tundla',34),
(1423,'Unnao',34),
(1424,'Utraula',34),
(1425,'Varanasi',34),
(1426,'Vrindavan',34),
(1427,'Warhapur',34),
(1428,'Zaidpur',34),
(1429,'Zamania',34),
(1430,'Almora',35),
(1431,'Bazpur',35),
(1432,'Chamba',35),
(1433,'Dehradun',35),
(1434,'Haldwani',35),
(1435,'Haridwar',35),
(1436,'Jaspur',35),
(1437,'Kashipur',35),
(1438,'kichha',35),
(1439,'Kotdwara',35),
(1440,'Manglaur',35),
(1441,'Mussoorie',35),
(1442,'Nagla',35),
(1443,'Nainital',35),
(1444,'Pauri',35),
(1445,'Pithoragarh',35),
(1446,'Ramnagar',35),
(1447,'Rishikesh',35),
(1448,'Roorkee',35),
(1449,'Rudrapur',35),
(1450,'Sitarganj',35),
(1451,'Tehri',35),
(1452,'Muzaffarnagar',34),
(1454,'Alipurduar',36),
(1455,'Arambagh',36),
(1456,'Asansol',36),
(1457,'Baharampur',36),
(1458,'Bally',36),
(1459,'Balurghat',36),
(1460,'Bankura',36),
(1461,'Barakar',36),
(1462,'Barasat',36),
(1463,'Bardhaman',36),
(1464,'Bidhan Nagar',36),
(1465,'Chinsura',36),
(1466,'Contai',36),
(1467,'Cooch Behar',36),
(1468,'Darjeeling',36),
(1469,'Durgapur',36),
(1470,'Haldia',36),
(1471,'Howrah',36),
(1472,'Islampur',36),
(1473,'Jhargram',36),
(1474,'Kharagpur',36),
(1475,'Kolkata',36),
(1476,'Mainaguri',36),
(1477,'Mal',36),
(1478,'Mathabhanga',36),
(1479,'Medinipur',36),
(1480,'Memari',36),
(1481,'Monoharpur',36),
(1482,'Murshidabad',36),
(1483,'Nabadwip',36),
(1484,'Naihati',36),
(1485,'Panchla',36),
(1486,'Pandua',36),
(1487,'Paschim Punropara',36),
(1488,'Purulia',36),
(1489,'Raghunathpur',36),
(1490,'Raiganj',36),
(1491,'Rampurhat',36),
(1492,'Ranaghat',36),
(1493,'Sainthia',36),
(1494,'Santipur',36),
(1495,'Siliguri',36),
(1496,'Sonamukhi',36),
(1497,'Srirampore',36),
(1498,'Suri',36),
(1499,'Taki',36),
(1500,'Tamluk',36),
(1501,'Tarakeswar',36),
(1502,'Chikmagalur',17),
(1503,'Davanagere',17),
(1504,'Dharwad',17),
(1505,'Gadag',17),
(1506,'Chennai',31),
(1507,'Coimbatore',31);

/*Table structure for table `country_mstr` */

DROP TABLE IF EXISTS `country_mstr`;

CREATE TABLE `country_mstr` (
  `ID` bigint(20) NOT NULL AUTO_INCREMENT,
  `NAME` varchar(20) NOT NULL,
  PRIMARY KEY (`ID`)
) ENGINE=InnoDB AUTO_INCREMENT=3 DEFAULT CHARSET=latin1;

/*Data for the table `country_mstr` */

insert  into `country_mstr`(`ID`,`NAME`) values 
(1,'India'),
(2,'USA');

/*Table structure for table `designation_mstr` */

DROP TABLE IF EXISTS `designation_mstr`;

CREATE TABLE `designation_mstr` (
  `ID` bigint(20) NOT NULL AUTO_INCREMENT,
  `TITLE` varchar(50) NOT NULL,
  PRIMARY KEY (`ID`),
  UNIQUE KEY `TITLE_UNIQUE` (`TITLE`)
) ENGINE=InnoDB AUTO_INCREMENT=5 DEFAULT CHARSET=latin1;

/*Data for the table `designation_mstr` */

insert  into `designation_mstr`(`ID`,`TITLE`) values 
(1,'Jr. Software Engineer'),
(2,'Software Engineer'),
(3,'Sr. Software Engineer'),
(4,'Sr. Software Engineer - Team Lead');

/*Table structure for table `emp_addr` */

DROP TABLE IF EXISTS `emp_addr`;

CREATE TABLE `emp_addr` (
  `ID` bigint(20) NOT NULL,
  `ADDRESS1` varchar(50) NOT NULL,
  `ADDRESS2` varchar(50) DEFAULT NULL,
  `CITY` varchar(50) NOT NULL,
  `COUNTRY` varchar(50) NOT NULL,
  `STATE` varchar(50) NOT NULL,
  `ZIPCODE` varchar(6) DEFAULT NULL,
  `EMP_ID` bigint(20) DEFAULT NULL,
  PRIMARY KEY (`ID`),
  KEY `FKfwvti8lg222ygbnvad39xdt9q` (`EMP_ID`),
  CONSTRAINT `FKfwvti8lg222ygbnvad39xdt9q` FOREIGN KEY (`EMP_ID`) REFERENCES `employee` (`ID`)
) ENGINE=InnoDB DEFAULT CHARSET=latin1;

/*Data for the table `emp_addr` */

insert  into `emp_addr`(`ID`,`ADDRESS1`,`ADDRESS2`,`CITY`,`COUNTRY`,`STATE`,`ZIPCODE`,`EMP_ID`) values 
(1,'680 Gale Place','54723 Grasskamp Plaza','Ahmedabad','India','Gujarat','12345',1),
(2,'47 Acker Plaza','54723 Grasskamp Plaza','Seattle','United States','Washington','56772',2),
(3,'2 Union Parkway',NULL,'Philadelphia','United States','Pennsylvania','37665',3),
(4,'93 Continental Junction',NULL,'Milwaukee','United States','Wisconsin','71599',4),
(5,'5367 Briar Crest Street','507 Miller Street','Omaha','United States','Nebraska','88762',5),
(6,'5751 Bashford Plaza',NULL,'Birmingham','United States','Alabama','77757',6),
(7,'442 Vernon Junction','7 Anhalt Pass','Alexandria','United States','Virginia','82785',7),
(8,'15824 Kipling Way','531 Tennyson Parkway','Fayetteville','United States','North Carolina','88119',8),
(9,'717 Bobwhite Parkway','86749 Bluejay Avenue','Buffalo','United States','New York','63829',9),
(10,'0059 Brown Circle',NULL,'Pittsburgh','United States','Pennsylvania','97665',10),
(11,'51 School Court','9044 Novick Court','Anderson','United States','South Carolina','13469',11),
(12,'88988 Lighthouse Bay Alley',NULL,'Charlotte','United States','North Carolina','18356',12),
(13,'9195 Northwestern Pass','0165 Carey Drive','Winston Salem','United States','North Carolina','63587',13),
(14,'4 Towne Plaza',NULL,'Tampa','United States','Florida','56439',14),
(15,'65802 Macpherson Road',NULL,'Abilene','United States','Texas','80444',15),
(20,'F803, Orchid Elegance, Opp Safal Parisar 1','South Bopal','Ahmedabad','India','Gujarat','380058',19),
(40,'line 1','line 2','Charkhi Dadri','India','Haryana','12356',39);

/*Table structure for table `emp_leave_balance` */

DROP TABLE IF EXISTS `emp_leave_balance`;

CREATE TABLE `emp_leave_balance` (
  `ID` bigint(20) NOT NULL,
  `CL` decimal(5,2) NOT NULL,
  `CO` decimal(5,2) NOT NULL,
  `PH` decimal(5,2) NOT NULL,
  `EMP_ID` bigint(20) NOT NULL,
  PRIMARY KEY (`ID`),
  KEY `FK3chpnr58m9q3u772xbs0g66w6` (`EMP_ID`),
  CONSTRAINT `FK3chpnr58m9q3u772xbs0g66w6` FOREIGN KEY (`EMP_ID`) REFERENCES `employee` (`ID`)
) ENGINE=InnoDB DEFAULT CHARSET=latin1;

/*Data for the table `emp_leave_balance` */

insert  into `emp_leave_balance`(`ID`,`CL`,`CO`,`PH`,`EMP_ID`) values 
(1,18.00,11.12,0.00,1),
(2,10.92,15.00,1.00,2),
(3,10.51,21.00,0.00,3),
(4,22.01,27.00,0.00,4),
(5,16.94,7.00,0.00,5),
(6,7.56,20.00,1.00,6),
(7,19.69,30.00,0.00,7),
(8,20.54,14.00,1.00,8),
(9,6.00,29.00,0.00,9),
(10,20.68,15.00,1.00,10),
(11,11.19,19.00,1.00,11),
(12,20.07,24.00,0.00,12),
(13,15.95,6.00,1.00,13),
(14,6.97,13.00,1.00,14),
(15,17.17,23.00,0.00,15),
(21,0.00,0.00,0.00,19),
(41,0.00,0.00,0.00,39);

/*Table structure for table `employee` */

DROP TABLE IF EXISTS `employee`;

CREATE TABLE `employee` (
  `ID` bigint(20) NOT NULL,
  `FIRST_NAME` varchar(32) NOT NULL,
  `MIDDLE_NAME` varchar(32) DEFAULT NULL,
  `LAST_NAME` varchar(32) NOT NULL,
  `EMP_ID` varchar(6) NOT NULL,
  `EMAIL_ID` varchar(255) NOT NULL,
  `DESIGNATION` enum('Software Engineer','Jr. Software Engineer','Sr. Software Engineer','Sr. Software Engineer - Team Lead') NOT NULL,
  `DOB` date NOT NULL,
  `GENDER` enum('Male','Female') NOT NULL,
  `CELL_NO` varchar(10) DEFAULT NULL,
  `WORK_PHONE_EXT` varchar(4) DEFAULT NULL,
  `WORK_PHONE` varchar(10) DEFAULT NULL,
  `JOINING_DATE` date NOT NULL,
  `LEAVING_DATE` date DEFAULT NULL,
  `ACTIVE` tinyint(1) NOT NULL DEFAULT '0',
  `CREATED_BY` varchar(255) NOT NULL,
  `CREATED_DATE` date NOT NULL,
  `UPDATED_BY` varchar(255) DEFAULT NULL,
  `UPDATED_DATE` date DEFAULT NULL,
  PRIMARY KEY (`ID`),
  UNIQUE KEY `UNIQUE_EMAIL` (`EMAIL_ID`),
  UNIQUE KEY `UNIQUE_EMPID` (`EMP_ID`)
) ENGINE=InnoDB DEFAULT CHARSET=latin1;

/*Data for the table `employee` */

insert  into `employee`(`ID`,`FIRST_NAME`,`MIDDLE_NAME`,`LAST_NAME`,`EMP_ID`,`EMAIL_ID`,`DESIGNATION`,`DOB`,`GENDER`,`CELL_NO`,`WORK_PHONE_EXT`,`WORK_PHONE`,`JOINING_DATE`,`LEAVING_DATE`,`ACTIVE`,`CREATED_BY`,`CREATED_DATE`,`UPDATED_BY`,`UPDATED_DATE`) values 
(1,'Savan','D','Ladani','EMP20','savan.ladani@nividous.com','Sr. Software Engineer - Team Lead','1987-12-25','Male','9909007671','123','1234567890','2014-05-25',NULL,1,'Ankur Shah','2014-05-25','abc@gmail.com','2018-08-22'),
(2,'Les','A','Froome','EMP21','lfroome0@cnbc.com','Jr. Software Engineer','2016-01-20','Male','9162622846','123','1234567890','2015-11-13',NULL,1,'Ankur Shah','2015-11-13','abc@gmail.com','2018-08-23'),
(3,'Sayers',NULL,'Keough','EMP22','skeough1@mysql.com','Software Engineer','2015-02-25','Male','9249275501','123','1234567890','2015-08-10',NULL,1,'Ankur Shah','2015-08-10','abc@gmail.com','2018-08-14'),
(4,'Garek','C','Dilleston','EMP23','gdilleston2@rambler.ru','Sr. Software Engineer','2017-01-17','Male','8783075801','123','1234567890','2016-03-10',NULL,1,'Ankur Shah','2016-03-10','savan.ladani@nividous.com','2018-08-14'),
(5,'Fern',NULL,'Mabey','EMP24','fmabey3@miibeian.gov.cn','Sr. Software Engineer','2014-12-20','Female','6141886647','123','1234567890','2014-12-02',NULL,1,'Ankur Shah','2014-12-02','savan.ladani@nividous.com','2018-08-14'),
(6,'Purcell','E','Reding','EMP25','preding4@dion.ne.jp','Sr. Software Engineer','2015-08-26','Male','5193726410','123','1234567890','2015-10-24',NULL,1,'Ankur Shah','2015-10-24','abc@gmail.com','2018-08-14'),
(7,'Goldie','Zita','Fretson','EMP26','zfretson0@netvibes.com','Sr. Software Engineer','2015-03-23','Female','5993831995','123','1234567890','2018-04-18',NULL,1,'Ankur Shah','2018-04-18','abc@gmail.com','2018-08-14'),
(8,'Gunther','Erl','Beincken','EMP27','ebeincken1@is.gd','Sr. Software Engineer','2014-09-23','Male','3330746335','123','1234567890','2017-09-22',NULL,1,'Ankur Shah','2017-09-22',NULL,NULL),
(9,'Glad','Ethelda','Woosnam','EMP28','ewoosnam2@ow.ly','Sr. Software Engineer','2016-11-27','Female','2801970492','123','1234567890','2018-04-23',NULL,1,'Ankur Shah','2018-04-23',NULL,NULL),
(10,'Cobbie','Shepherd','Anthoin','EMP29','santhoin3@netvibes.com','Sr. Software Engineer','2015-09-02','Male','8005368267','123','1234567890','2018-03-29',NULL,1,'Ankur Shah','2018-03-29',NULL,NULL),
(11,'Antonin',NULL,'Jewsbury','EMP30','tjewsbury4@sourceforge.net','Sr. Software Engineer','2014-11-26','Male','3160808327','123','1234567890','2018-05-03',NULL,1,'Ankur Shah','2018-05-03',NULL,NULL),
(12,'Nedda','Minne','Cockton','EMP31','mcockton5@lycos.com','Sr. Software Engineer','2013-05-06','Female','3035925828','123','1234567890','2017-12-13',NULL,1,'Ankur Shah','2017-12-13',NULL,NULL),
(13,'Amalie',NULL,'Breagan','EMP32','rbreagan6@indiegogo.com','Sr. Software Engineer','2011-12-20','Female','3702183582','123','1234567890','2017-10-01',NULL,1,'Ankur Shah','2017-10-01',NULL,NULL),
(14,'Elvis','Syd','Smorthit','EMP33','ssmorthit7@google.es','Sr. Software Engineer','2016-05-31','Male','2075480001','123','1234567890','2018-04-02',NULL,1,'Ankur Shah','2018-04-02',NULL,NULL),
(15,'Kevan',NULL,'Ottee','EMP34','uottee8@cnet.com','Sr. Software Engineer','2012-10-05','Male','4524078630','123','1234567890','2017-11-19',NULL,1,'Ankur Shah','2017-11-19',NULL,NULL),
(19,'Deep','L','Shah','EMP123','savan.ladani@gmail.com','Software Engineer','2014-01-29','Male','9909007671','8888','8888888888','2018-08-10',NULL,0,'savan.ladani@nividous.com','2018-08-18','abc@gmail.com','2018-08-22'),
(39,'Nice','M','neww','EMP111','nice@gaiil.com','Jr. Software Engineer','2013-01-07','Male','7896541230','','','2018-08-22',NULL,0,'abc@gmail.com','2018-08-22','abc@gmail.com','2018-08-22');

/*Table structure for table `hibernate_sequence` */

DROP TABLE IF EXISTS `hibernate_sequence`;

CREATE TABLE `hibernate_sequence` (
  `next_val` bigint(20) DEFAULT NULL
) ENGINE=InnoDB DEFAULT CHARSET=latin1;

/*Data for the table `hibernate_sequence` */

insert  into `hibernate_sequence`(`next_val`) values 
(42),
(42);

/*Table structure for table `role` */

DROP TABLE IF EXISTS `role`;

CREATE TABLE `role` (
  `role_id` int(11) NOT NULL,
  `role` varchar(255) DEFAULT NULL,
  PRIMARY KEY (`role_id`)
) ENGINE=InnoDB DEFAULT CHARSET=latin1;

/*Data for the table `role` */

insert  into `role`(`role_id`,`role`) values 
(1,'ADMIN'),
(2,'USER');

/*Table structure for table `states_mstr` */

DROP TABLE IF EXISTS `states_mstr`;

CREATE TABLE `states_mstr` (
  `ID` bigint(20) NOT NULL AUTO_INCREMENT,
  `NAME` varchar(30) NOT NULL,
  `COUNTRY_ID` bigint(20) NOT NULL,
  PRIMARY KEY (`ID`),
  KEY `COUNTRY_FK` (`COUNTRY_ID`),
  CONSTRAINT `COUNTRY_FK` FOREIGN KEY (`COUNTRY_ID`) REFERENCES `country_mstr` (`ID`) ON DELETE CASCADE ON UPDATE CASCADE
) ENGINE=InnoDB AUTO_INCREMENT=37 DEFAULT CHARSET=latin1;

/*Data for the table `states_mstr` */

insert  into `states_mstr`(`ID`,`NAME`,`COUNTRY_ID`) values 
(1,'Andaman & Nicobar Islands',1),
(2,'Andhra Pradesh',1),
(3,'Arunachal Pradesh',1),
(4,'Assam',1),
(5,'Bihar',1),
(6,'Chandigarh',1),
(7,'Chhattisgarh',1),
(8,'Dadra & Nagar Haveli',1),
(9,'Daman & Diu',1),
(10,'Delhi',1),
(11,'Goa',1),
(12,'Gujarat',1),
(13,'Haryana',1),
(14,'Himachal Pradesh',1),
(15,'Jammu & Kashmir',1),
(16,'Jharkhand',1),
(17,'Karnataka',1),
(18,'Kerala',1),
(19,'Lakshadweep',1),
(20,'Madhya Pradesh',1),
(21,'Maharashtra',1),
(22,'Manipur',1),
(23,'Meghalaya',1),
(24,'Mizoram',1),
(25,'Nagaland',1),
(26,'Odisha',1),
(27,'Puducherry',1),
(28,'Punjab',1),
(29,'Rajasthan',1),
(30,'Sikkim',1),
(31,'Tamil Nadu',1),
(32,'Telangana',1),
(33,'Tripura',1),
(34,'Uttar Pradesh',1),
(35,'Uttarakhand',1),
(36,'West Bengal',1);

/*Table structure for table `states_temp` */

DROP TABLE IF EXISTS `states_temp`;

CREATE TABLE `states_temp` (
  `id` int(11) NOT NULL AUTO_INCREMENT,
  `name` varchar(30) NOT NULL,
  `country_id` int(11) NOT NULL DEFAULT '1',
  PRIMARY KEY (`id`)
) ENGINE=InnoDB AUTO_INCREMENT=4121 DEFAULT CHARSET=latin1;

/*Data for the table `states_temp` */

insert  into `states_temp`(`id`,`name`,`country_id`) values 
(1,'Andaman and Nicobar Islands',101),
(2,'Andhra Pradesh',101),
(3,'Arunachal Pradesh',101),
(4,'Assam',101),
(5,'Bihar',101),
(6,'Chandigarh',101),
(7,'Chhattisgarh',101),
(8,'Dadra and Nagar Haveli',101),
(9,'Daman and Diu',101),
(10,'Delhi',101),
(11,'Goa',101),
(12,'Gujarat',101),
(13,'Haryana',101),
(14,'Himachal Pradesh',101),
(15,'Jammu and Kashmir',101),
(16,'Jharkhand',101),
(17,'Karnataka',101),
(18,'Kenmore',101),
(19,'Kerala',101),
(20,'Lakshadweep',101),
(21,'Madhya Pradesh',101),
(22,'Maharashtra',101),
(23,'Manipur',101),
(24,'Meghalaya',101),
(25,'Mizoram',101),
(26,'Nagaland',101),
(27,'Narora',101),
(28,'Natwar',101),
(29,'Odisha',101),
(30,'Paschim Medinipur',101),
(31,'Pondicherry',101),
(32,'Punjab',101),
(33,'Rajasthan',101),
(34,'Sikkim',101),
(35,'Tamil Nadu',101),
(36,'Telangana',101),
(37,'Tripura',101),
(38,'Uttar Pradesh',101),
(39,'Uttarakhand',101),
(40,'Vaishali',101),
(41,'West Bengal',101),
(42,'Badakhshan',1),
(43,'Badgis',1),
(44,'Baglan',1),
(45,'Balkh',1),
(46,'Bamiyan',1),
(47,'Farah',1),
(48,'Faryab',1),
(49,'Gawr',1),
(50,'Gazni',1),
(51,'Herat',1),
(52,'Hilmand',1),
(53,'Jawzjan',1),
(54,'Kabul',1),
(55,'Kapisa',1),
(56,'Khawst',1),
(57,'Kunar',1),
(58,'Lagman',1),
(59,'Lawghar',1),
(60,'Nangarhar',1),
(61,'Nimruz',1),
(62,'Nuristan',1),
(63,'Paktika',1),
(64,'Paktiya',1),
(65,'Parwan',1),
(66,'Qandahar',1),
(67,'Qunduz',1),
(68,'Samangan',1),
(69,'Sar-e Pul',1),
(70,'Takhar',1),
(71,'Uruzgan',1),
(72,'Wardag',1),
(73,'Zabul',1),
(74,'Berat',2),
(75,'Bulqize',2),
(76,'Delvine',2),
(77,'Devoll',2),
(78,'Dibre',2),
(79,'Durres',2),
(80,'Elbasan',2),
(81,'Fier',2),
(82,'Gjirokaster',2),
(83,'Gramsh',2),
(84,'Has',2),
(85,'Kavaje',2),
(86,'Kolonje',2),
(87,'Korce',2),
(88,'Kruje',2),
(89,'Kucove',2),
(90,'Kukes',2),
(91,'Kurbin',2),
(92,'Lezhe',2),
(93,'Librazhd',2),
(94,'Lushnje',2),
(95,'Mallakaster',2),
(96,'Malsi e Madhe',2),
(97,'Mat',2),
(98,'Mirdite',2),
(99,'Peqin',2),
(100,'Permet',2),
(101,'Pogradec',2),
(102,'Puke',2),
(103,'Sarande',2),
(104,'Shkoder',2),
(105,'Skrapar',2),
(106,'Tepelene',2),
(107,'Tirane',2),
(108,'Tropoje',2),
(109,'Vlore',2),
(110,'\'Ayn Daflah',3),
(111,'\'Ayn Tamushanat',3),
(112,'Adrar',3),
(113,'Algiers',3),
(114,'Annabah',3),
(115,'Bashshar',3),
(116,'Batnah',3),
(117,'Bijayah',3),
(118,'Biskrah',3),
(119,'Blidah',3),
(120,'Buirah',3),
(121,'Bumardas',3),
(122,'Burj Bu Arririj',3),
(123,'Ghalizan',3),
(124,'Ghardayah',3),
(125,'Ilizi',3),
(126,'Jijili',3),
(127,'Jilfah',3),
(128,'Khanshalah',3),
(129,'Masilah',3),
(130,'Midyah',3),
(131,'Milah',3),
(132,'Muaskar',3),
(133,'Mustaghanam',3),
(134,'Naama',3),
(135,'Oran',3),
(136,'Ouargla',3),
(137,'Qalmah',3),
(138,'Qustantinah',3),
(139,'Sakikdah',3),
(140,'Satif',3),
(141,'Sayda\'',3),
(142,'Sidi ban-al-\'Abbas',3),
(143,'Suq Ahras',3),
(144,'Tamanghasat',3),
(145,'Tibazah',3),
(146,'Tibissah',3),
(147,'Tilimsan',3),
(148,'Tinduf',3),
(149,'Tisamsilt',3),
(150,'Tiyarat',3),
(151,'Tizi Wazu',3),
(152,'Umm-al-Bawaghi',3),
(153,'Wahran',3),
(154,'Warqla',3),
(155,'Wilaya d Alger',3),
(156,'Wilaya de Bejaia',3),
(157,'Wilaya de Constantine',3),
(158,'al-Aghwat',3),
(159,'al-Bayadh',3),
(160,'al-Jaza\'ir',3),
(161,'al-Wad',3),
(162,'ash-Shalif',3),
(163,'at-Tarif',3),
(164,'Eastern',4),
(165,'Manu\'a',4),
(166,'Swains Island',4),
(167,'Western',4),
(168,'Andorra la Vella',5),
(169,'Canillo',5),
(170,'Encamp',5),
(171,'La Massana',5),
(172,'Les Escaldes',5),
(173,'Ordino',5),
(174,'Sant Julia de Loria',5),
(175,'Bengo',6),
(176,'Benguela',6),
(177,'Bie',6),
(178,'Cabinda',6),
(179,'Cunene',6),
(180,'Huambo',6),
(181,'Huila',6),
(182,'Kuando-Kubango',6),
(183,'Kwanza Norte',6),
(184,'Kwanza Sul',6),
(185,'Luanda',6),
(186,'Lunda Norte',6),
(187,'Lunda Sul',6),
(188,'Malanje',6),
(189,'Moxico',6),
(190,'Namibe',6),
(191,'Uige',6),
(192,'Zaire',6),
(193,'Other Provinces',7),
(194,'Sector claimed by Argentina/Ch',8),
(195,'Sector claimed by Argentina/UK',8),
(196,'Sector claimed by Australia',8),
(197,'Sector claimed by France',8),
(198,'Sector claimed by New Zealand',8),
(199,'Sector claimed by Norway',8),
(200,'Unclaimed Sector',8),
(201,'Barbuda',9),
(202,'Saint George',9),
(203,'Saint John',9),
(204,'Saint Mary',9),
(205,'Saint Paul',9),
(206,'Saint Peter',9),
(207,'Saint Philip',9),
(208,'Buenos Aires',10),
(209,'Catamarca',10),
(210,'Chaco',10),
(211,'Chubut',10),
(212,'Cordoba',10),
(213,'Corrientes',10),
(214,'Distrito Federal',10),
(215,'Entre Rios',10),
(216,'Formosa',10),
(217,'Jujuy',10),
(218,'La Pampa',10),
(219,'La Rioja',10),
(220,'Mendoza',10),
(221,'Misiones',10),
(222,'Neuquen',10),
(223,'Rio Negro',10),
(224,'Salta',10),
(225,'San Juan',10),
(226,'San Luis',10),
(227,'Santa Cruz',10),
(228,'Santa Fe',10),
(229,'Santiago del Estero',10),
(230,'Tierra del Fuego',10),
(231,'Tucuman',10),
(232,'Aragatsotn',11),
(233,'Ararat',11),
(234,'Armavir',11),
(235,'Gegharkunik',11),
(236,'Kotaik',11),
(237,'Lori',11),
(238,'Shirak',11),
(239,'Stepanakert',11),
(240,'Syunik',11),
(241,'Tavush',11),
(242,'Vayots Dzor',11),
(243,'Yerevan',11),
(244,'Aruba',12),
(245,'Auckland',13),
(246,'Australian Capital Territory',13),
(247,'Balgowlah',13),
(248,'Balmain',13),
(249,'Bankstown',13),
(250,'Baulkham Hills',13),
(251,'Bonnet Bay',13),
(252,'Camberwell',13),
(253,'Carole Park',13),
(254,'Castle Hill',13),
(255,'Caulfield',13),
(256,'Chatswood',13),
(257,'Cheltenham',13),
(258,'Cherrybrook',13),
(259,'Clayton',13),
(260,'Collingwood',13),
(261,'Frenchs Forest',13),
(262,'Hawthorn',13),
(263,'Jannnali',13),
(264,'Knoxfield',13),
(265,'Melbourne',13),
(266,'New South Wales',13),
(267,'Northern Territory',13),
(268,'Perth',13),
(269,'Queensland',13),
(270,'South Australia',13),
(271,'Tasmania',13),
(272,'Templestowe',13),
(273,'Victoria',13),
(274,'Werribee south',13),
(275,'Western Australia',13),
(276,'Wheeler',13),
(277,'Bundesland Salzburg',14),
(278,'Bundesland Steiermark',14),
(279,'Bundesland Tirol',14),
(280,'Burgenland',14),
(281,'Carinthia',14),
(282,'Karnten',14),
(283,'Liezen',14),
(284,'Lower Austria',14),
(285,'Niederosterreich',14),
(286,'Oberosterreich',14),
(287,'Salzburg',14),
(288,'Schleswig-Holstein',14),
(289,'Steiermark',14),
(290,'Styria',14),
(291,'Tirol',14),
(292,'Upper Austria',14),
(293,'Vorarlberg',14),
(294,'Wien',14),
(295,'Abseron',15),
(296,'Baki Sahari',15),
(297,'Ganca',15),
(298,'Ganja',15),
(299,'Kalbacar',15),
(300,'Lankaran',15),
(301,'Mil-Qarabax',15),
(302,'Mugan-Salyan',15),
(303,'Nagorni-Qarabax',15),
(304,'Naxcivan',15),
(305,'Priaraks',15),
(306,'Qazax',15),
(307,'Saki',15),
(308,'Sirvan',15),
(309,'Xacmaz',15),
(310,'Abaco',16),
(311,'Acklins Island',16),
(312,'Andros',16),
(313,'Berry Islands',16),
(314,'Biminis',16),
(315,'Cat Island',16),
(316,'Crooked Island',16),
(317,'Eleuthera',16),
(318,'Exuma and Cays',16),
(319,'Grand Bahama',16),
(320,'Inagua Islands',16),
(321,'Long Island',16),
(322,'Mayaguana',16),
(323,'New Providence',16),
(324,'Ragged Island',16),
(325,'Rum Cay',16),
(326,'San Salvador',16),
(327,'\'Isa',17),
(328,'Badiyah',17),
(329,'Hidd',17),
(330,'Jidd Hafs',17),
(331,'Mahama',17),
(332,'Manama',17),
(333,'Sitrah',17),
(334,'al-Manamah',17),
(335,'al-Muharraq',17),
(336,'ar-Rifa\'a',17),
(337,'Bagar Hat',18),
(338,'Bandarban',18),
(339,'Barguna',18),
(340,'Barisal',18),
(341,'Bhola',18),
(342,'Bogora',18),
(343,'Brahman Bariya',18),
(344,'Chandpur',18),
(345,'Chattagam',18),
(346,'Chittagong Division',18),
(347,'Chuadanga',18),
(348,'Dhaka',18),
(349,'Dinajpur',18),
(350,'Faridpur',18),
(351,'Feni',18),
(352,'Gaybanda',18),
(353,'Gazipur',18),
(354,'Gopalganj',18),
(355,'Habiganj',18),
(356,'Jaipur Hat',18),
(357,'Jamalpur',18),
(358,'Jessor',18),
(359,'Jhalakati',18),
(360,'Jhanaydah',18),
(361,'Khagrachhari',18),
(362,'Khulna',18),
(363,'Kishorganj',18),
(364,'Koks Bazar',18),
(365,'Komilla',18),
(366,'Kurigram',18),
(367,'Kushtiya',18),
(368,'Lakshmipur',18),
(369,'Lalmanir Hat',18),
(370,'Madaripur',18),
(371,'Magura',18),
(372,'Maimansingh',18),
(373,'Manikganj',18),
(374,'Maulvi Bazar',18),
(375,'Meherpur',18),
(376,'Munshiganj',18),
(377,'Naral',18),
(378,'Narayanganj',18),
(379,'Narsingdi',18),
(380,'Nator',18),
(381,'Naugaon',18),
(382,'Nawabganj',18),
(383,'Netrakona',18),
(384,'Nilphamari',18),
(385,'Noakhali',18),
(386,'Pabna',18),
(387,'Panchagarh',18),
(388,'Patuakhali',18),
(389,'Pirojpur',18),
(390,'Rajbari',18),
(391,'Rajshahi',18),
(392,'Rangamati',18),
(393,'Rangpur',18),
(394,'Satkhira',18),
(395,'Shariatpur',18),
(396,'Sherpur',18),
(397,'Silhat',18),
(398,'Sirajganj',18),
(399,'Sunamganj',18),
(400,'Tangayal',18),
(401,'Thakurgaon',18),
(402,'Christ Church',19),
(403,'Saint Andrew',19),
(404,'Saint George',19),
(405,'Saint James',19),
(406,'Saint John',19),
(407,'Saint Joseph',19),
(408,'Saint Lucy',19),
(409,'Saint Michael',19),
(410,'Saint Peter',19),
(411,'Saint Philip',19),
(412,'Saint Thomas',19),
(413,'Brest',20),
(414,'Homjel\'',20),
(415,'Hrodna',20),
(416,'Mahiljow',20),
(417,'Mahilyowskaya Voblasts',20),
(418,'Minsk',20),
(419,'Minskaja Voblasts\'',20),
(420,'Petrik',20),
(421,'Vicebsk',20),
(422,'Antwerpen',21),
(423,'Berchem',21),
(424,'Brabant',21),
(425,'Brabant Wallon',21),
(426,'Brussel',21),
(427,'East Flanders',21),
(428,'Hainaut',21),
(429,'Liege',21),
(430,'Limburg',21),
(431,'Luxembourg',21),
(432,'Namur',21),
(433,'Ontario',21),
(434,'Oost-Vlaanderen',21),
(435,'Provincie Brabant',21),
(436,'Vlaams-Brabant',21),
(437,'Wallonne',21),
(438,'West-Vlaanderen',21),
(439,'Belize',22),
(440,'Cayo',22),
(441,'Corozal',22),
(442,'Orange Walk',22),
(443,'Stann Creek',22),
(444,'Toledo',22),
(445,'Alibori',23),
(446,'Atacora',23),
(447,'Atlantique',23),
(448,'Borgou',23),
(449,'Collines',23),
(450,'Couffo',23),
(451,'Donga',23),
(452,'Littoral',23),
(453,'Mono',23),
(454,'Oueme',23),
(455,'Plateau',23),
(456,'Zou',23),
(457,'Hamilton',24),
(458,'Saint George',24),
(459,'Bumthang',25),
(460,'Chhukha',25),
(461,'Chirang',25),
(462,'Daga',25),
(463,'Geylegphug',25),
(464,'Ha',25),
(465,'Lhuntshi',25),
(466,'Mongar',25),
(467,'Pemagatsel',25),
(468,'Punakha',25),
(469,'Rinpung',25),
(470,'Samchi',25),
(471,'Samdrup Jongkhar',25),
(472,'Shemgang',25),
(473,'Tashigang',25),
(474,'Timphu',25),
(475,'Tongsa',25),
(476,'Wangdiphodrang',25),
(477,'Beni',26),
(478,'Chuquisaca',26),
(479,'Cochabamba',26),
(480,'La Paz',26),
(481,'Oruro',26),
(482,'Pando',26),
(483,'Potosi',26),
(484,'Santa Cruz',26),
(485,'Tarija',26),
(486,'Federacija Bosna i Hercegovina',27),
(487,'Republika Srpska',27),
(488,'Central Bobonong',28),
(489,'Central Boteti',28),
(490,'Central Mahalapye',28),
(491,'Central Serowe-Palapye',28),
(492,'Central Tutume',28),
(493,'Chobe',28),
(494,'Francistown',28),
(495,'Gaborone',28),
(496,'Ghanzi',28),
(497,'Jwaneng',28),
(498,'Kgalagadi North',28),
(499,'Kgalagadi South',28),
(500,'Kgatleng',28),
(501,'Kweneng',28),
(502,'Lobatse',28),
(503,'Ngamiland',28),
(504,'Ngwaketse',28),
(505,'North East',28),
(506,'Okavango',28),
(507,'Orapa',28),
(508,'Selibe Phikwe',28),
(509,'South East',28),
(510,'Sowa',28),
(511,'Bouvet Island',29),
(512,'Acre',30),
(513,'Alagoas',30),
(514,'Amapa',30),
(515,'Amazonas',30),
(516,'Bahia',30),
(517,'Ceara',30),
(518,'Distrito Federal',30),
(519,'Espirito Santo',30),
(520,'Estado de Sao Paulo',30),
(521,'Goias',30),
(522,'Maranhao',30),
(523,'Mato Grosso',30),
(524,'Mato Grosso do Sul',30),
(525,'Minas Gerais',30),
(526,'Para',30),
(527,'Paraiba',30),
(528,'Parana',30),
(529,'Pernambuco',30),
(530,'Piaui',30),
(531,'Rio Grande do Norte',30),
(532,'Rio Grande do Sul',30),
(533,'Rio de Janeiro',30),
(534,'Rondonia',30),
(535,'Roraima',30),
(536,'Santa Catarina',30),
(537,'Sao Paulo',30),
(538,'Sergipe',30),
(539,'Tocantins',30),
(540,'British Indian Ocean Territory',31),
(541,'Belait',32),
(542,'Brunei-Muara',32),
(543,'Temburong',32),
(544,'Tutong',32),
(545,'Blagoevgrad',33),
(546,'Burgas',33),
(547,'Dobrich',33),
(548,'Gabrovo',33),
(549,'Haskovo',33),
(550,'Jambol',33),
(551,'Kardzhali',33),
(552,'Kjustendil',33),
(553,'Lovech',33),
(554,'Montana',33),
(555,'Oblast Sofiya-Grad',33),
(556,'Pazardzhik',33),
(557,'Pernik',33),
(558,'Pleven',33),
(559,'Plovdiv',33),
(560,'Razgrad',33),
(561,'Ruse',33),
(562,'Shumen',33),
(563,'Silistra',33),
(564,'Sliven',33),
(565,'Smoljan',33),
(566,'Sofija grad',33),
(567,'Sofijska oblast',33),
(568,'Stara Zagora',33),
(569,'Targovishte',33),
(570,'Varna',33),
(571,'Veliko Tarnovo',33),
(572,'Vidin',33),
(573,'Vraca',33),
(574,'Yablaniza',33),
(575,'Bale',34),
(576,'Bam',34),
(577,'Bazega',34),
(578,'Bougouriba',34),
(579,'Boulgou',34),
(580,'Boulkiemde',34),
(581,'Comoe',34),
(582,'Ganzourgou',34),
(583,'Gnagna',34),
(584,'Gourma',34),
(585,'Houet',34),
(586,'Ioba',34),
(587,'Kadiogo',34),
(588,'Kenedougou',34),
(589,'Komandjari',34),
(590,'Kompienga',34),
(591,'Kossi',34),
(592,'Kouritenga',34),
(593,'Kourweogo',34),
(594,'Leraba',34),
(595,'Mouhoun',34),
(596,'Nahouri',34),
(597,'Namentenga',34),
(598,'Noumbiel',34),
(599,'Oubritenga',34),
(600,'Oudalan',34),
(601,'Passore',34),
(602,'Poni',34),
(603,'Sanguie',34),
(604,'Sanmatenga',34),
(605,'Seno',34),
(606,'Sissili',34),
(607,'Soum',34),
(608,'Sourou',34),
(609,'Tapoa',34),
(610,'Tuy',34),
(611,'Yatenga',34),
(612,'Zondoma',34),
(613,'Zoundweogo',34),
(614,'Bubanza',35),
(615,'Bujumbura',35),
(616,'Bururi',35),
(617,'Cankuzo',35),
(618,'Cibitoke',35),
(619,'Gitega',35),
(620,'Karuzi',35),
(621,'Kayanza',35),
(622,'Kirundo',35),
(623,'Makamba',35),
(624,'Muramvya',35),
(625,'Muyinga',35),
(626,'Ngozi',35),
(627,'Rutana',35),
(628,'Ruyigi',35),
(629,'Banteay Mean Chey',36),
(630,'Bat Dambang',36),
(631,'Kampong Cham',36),
(632,'Kampong Chhnang',36),
(633,'Kampong Spoeu',36),
(634,'Kampong Thum',36),
(635,'Kampot',36),
(636,'Kandal',36),
(637,'Kaoh Kong',36),
(638,'Kracheh',36),
(639,'Krong Kaeb',36),
(640,'Krong Pailin',36),
(641,'Krong Preah Sihanouk',36),
(642,'Mondol Kiri',36),
(643,'Otdar Mean Chey',36),
(644,'Phnum Penh',36),
(645,'Pousat',36),
(646,'Preah Vihear',36),
(647,'Prey Veaeng',36),
(648,'Rotanak Kiri',36),
(649,'Siem Reab',36),
(650,'Stueng Traeng',36),
(651,'Svay Rieng',36),
(652,'Takaev',36),
(653,'Adamaoua',37),
(654,'Centre',37),
(655,'Est',37),
(656,'Littoral',37),
(657,'Nord',37),
(658,'Nord Extreme',37),
(659,'Nordouest',37),
(660,'Ouest',37),
(661,'Sud',37),
(662,'Sudouest',37),
(663,'Alberta',38),
(664,'British Columbia',38),
(665,'Manitoba',38),
(666,'New Brunswick',38),
(667,'Newfoundland and Labrador',38),
(668,'Northwest Territories',38),
(669,'Nova Scotia',38),
(670,'Nunavut',38),
(671,'Ontario',38),
(672,'Prince Edward Island',38),
(673,'Quebec',38),
(674,'Saskatchewan',38),
(675,'Yukon',38),
(676,'Boavista',39),
(677,'Brava',39),
(678,'Fogo',39),
(679,'Maio',39),
(680,'Sal',39),
(681,'Santo Antao',39),
(682,'Sao Nicolau',39),
(683,'Sao Tiago',39),
(684,'Sao Vicente',39),
(685,'Grand Cayman',40),
(686,'Bamingui-Bangoran',41),
(687,'Bangui',41),
(688,'Basse-Kotto',41),
(689,'Haut-Mbomou',41),
(690,'Haute-Kotto',41),
(691,'Kemo',41),
(692,'Lobaye',41),
(693,'Mambere-Kadei',41),
(694,'Mbomou',41),
(695,'Nana-Gribizi',41),
(696,'Nana-Mambere',41),
(697,'Ombella Mpoko',41),
(698,'Ouaka',41),
(699,'Ouham',41),
(700,'Ouham-Pende',41),
(701,'Sangha-Mbaere',41),
(702,'Vakaga',41),
(703,'Batha',42),
(704,'Biltine',42),
(705,'Bourkou-Ennedi-Tibesti',42),
(706,'Chari-Baguirmi',42),
(707,'Guera',42),
(708,'Kanem',42),
(709,'Lac',42),
(710,'Logone Occidental',42),
(711,'Logone Oriental',42),
(712,'Mayo-Kebbi',42),
(713,'Moyen-Chari',42),
(714,'Ouaddai',42),
(715,'Salamat',42),
(716,'Tandjile',42),
(717,'Aisen',43),
(718,'Antofagasta',43),
(719,'Araucania',43),
(720,'Atacama',43),
(721,'Bio Bio',43),
(722,'Coquimbo',43),
(723,'Libertador General Bernardo O\'',43),
(724,'Los Lagos',43),
(725,'Magellanes',43),
(726,'Maule',43),
(727,'Metropolitana',43),
(728,'Metropolitana de Santiago',43),
(729,'Tarapaca',43),
(730,'Valparaiso',43),
(731,'Anhui',44),
(732,'Anhui Province',44),
(733,'Anhui Sheng',44),
(734,'Aomen',44),
(735,'Beijing',44),
(736,'Beijing Shi',44),
(737,'Chongqing',44),
(738,'Fujian',44),
(739,'Fujian Sheng',44),
(740,'Gansu',44),
(741,'Guangdong',44),
(742,'Guangdong Sheng',44),
(743,'Guangxi',44),
(744,'Guizhou',44),
(745,'Hainan',44),
(746,'Hebei',44),
(747,'Heilongjiang',44),
(748,'Henan',44),
(749,'Hubei',44),
(750,'Hunan',44),
(751,'Jiangsu',44),
(752,'Jiangsu Sheng',44),
(753,'Jiangxi',44),
(754,'Jilin',44),
(755,'Liaoning',44),
(756,'Liaoning Sheng',44),
(757,'Nei Monggol',44),
(758,'Ningxia Hui',44),
(759,'Qinghai',44),
(760,'Shaanxi',44),
(761,'Shandong',44),
(762,'Shandong Sheng',44),
(763,'Shanghai',44),
(764,'Shanxi',44),
(765,'Sichuan',44),
(766,'Tianjin',44),
(767,'Xianggang',44),
(768,'Xinjiang',44),
(769,'Xizang',44),
(770,'Yunnan',44),
(771,'Zhejiang',44),
(772,'Zhejiang Sheng',44),
(773,'Christmas Island',45),
(774,'Cocos (Keeling) Islands',46),
(775,'Amazonas',47),
(776,'Antioquia',47),
(777,'Arauca',47),
(778,'Atlantico',47),
(779,'Bogota',47),
(780,'Bolivar',47),
(781,'Boyaca',47),
(782,'Caldas',47),
(783,'Caqueta',47),
(784,'Casanare',47),
(785,'Cauca',47),
(786,'Cesar',47),
(787,'Choco',47),
(788,'Cordoba',47),
(789,'Cundinamarca',47),
(790,'Guainia',47),
(791,'Guaviare',47),
(792,'Huila',47),
(793,'La Guajira',47),
(794,'Magdalena',47),
(795,'Meta',47),
(796,'Narino',47),
(797,'Norte de Santander',47),
(798,'Putumayo',47),
(799,'Quindio',47),
(800,'Risaralda',47),
(801,'San Andres y Providencia',47),
(802,'Santander',47),
(803,'Sucre',47),
(804,'Tolima',47),
(805,'Valle del Cauca',47),
(806,'Vaupes',47),
(807,'Vichada',47),
(808,'Mwali',48),
(809,'Njazidja',48),
(810,'Nzwani',48),
(811,'Bouenza',49),
(812,'Brazzaville',49),
(813,'Cuvette',49),
(814,'Kouilou',49),
(815,'Lekoumou',49),
(816,'Likouala',49),
(817,'Niari',49),
(818,'Plateaux',49),
(819,'Pool',49),
(820,'Sangha',49),
(821,'Bandundu',50),
(822,'Bas-Congo',50),
(823,'Equateur',50),
(824,'Haut-Congo',50),
(825,'Kasai-Occidental',50),
(826,'Kasai-Oriental',50),
(827,'Katanga',50),
(828,'Kinshasa',50),
(829,'Maniema',50),
(830,'Nord-Kivu',50),
(831,'Sud-Kivu',50),
(832,'Aitutaki',51),
(833,'Atiu',51),
(834,'Mangaia',51),
(835,'Manihiki',51),
(836,'Mauke',51),
(837,'Mitiaro',51),
(838,'Nassau',51),
(839,'Pukapuka',51),
(840,'Rakahanga',51),
(841,'Rarotonga',51),
(842,'Tongareva',51),
(843,'Alajuela',52),
(844,'Cartago',52),
(845,'Guanacaste',52),
(846,'Heredia',52),
(847,'Limon',52),
(848,'Puntarenas',52),
(849,'San Jose',52),
(850,'Abidjan',53),
(851,'Agneby',53),
(852,'Bafing',53),
(853,'Denguele',53),
(854,'Dix-huit Montagnes',53),
(855,'Fromager',53),
(856,'Haut-Sassandra',53),
(857,'Lacs',53),
(858,'Lagunes',53),
(859,'Marahoue',53),
(860,'Moyen-Cavally',53),
(861,'Moyen-Comoe',53),
(862,'N\'zi-Comoe',53),
(863,'Sassandra',53),
(864,'Savanes',53),
(865,'Sud-Bandama',53),
(866,'Sud-Comoe',53),
(867,'Vallee du Bandama',53),
(868,'Worodougou',53),
(869,'Zanzan',53),
(870,'Bjelovar-Bilogora',54),
(871,'Dubrovnik-Neretva',54),
(872,'Grad Zagreb',54),
(873,'Istra',54),
(874,'Karlovac',54),
(875,'Koprivnica-Krizhevci',54),
(876,'Krapina-Zagorje',54),
(877,'Lika-Senj',54),
(878,'Medhimurje',54),
(879,'Medimurska Zupanija',54),
(880,'Osijek-Baranja',54),
(881,'Osjecko-Baranjska Zupanija',54),
(882,'Pozhega-Slavonija',54),
(883,'Primorje-Gorski Kotar',54),
(884,'Shibenik-Knin',54),
(885,'Sisak-Moslavina',54),
(886,'Slavonski Brod-Posavina',54),
(887,'Split-Dalmacija',54),
(888,'Varazhdin',54),
(889,'Virovitica-Podravina',54),
(890,'Vukovar-Srijem',54),
(891,'Zadar',54),
(892,'Zagreb',54),
(893,'Camaguey',55),
(894,'Ciego de Avila',55),
(895,'Cienfuegos',55),
(896,'Ciudad de la Habana',55),
(897,'Granma',55),
(898,'Guantanamo',55),
(899,'Habana',55),
(900,'Holguin',55),
(901,'Isla de la Juventud',55),
(902,'La Habana',55),
(903,'Las Tunas',55),
(904,'Matanzas',55),
(905,'Pinar del Rio',55),
(906,'Sancti Spiritus',55),
(907,'Santiago de Cuba',55),
(908,'Villa Clara',55),
(909,'Government controlled area',56),
(910,'Limassol',56),
(911,'Nicosia District',56),
(912,'Paphos',56),
(913,'Turkish controlled area',56),
(914,'Central Bohemian',57),
(915,'Frycovice',57),
(916,'Jihocesky Kraj',57),
(917,'Jihochesky',57),
(918,'Jihomoravsky',57),
(919,'Karlovarsky',57),
(920,'Klecany',57),
(921,'Kralovehradecky',57),
(922,'Liberecky',57),
(923,'Lipov',57),
(924,'Moravskoslezsky',57),
(925,'Olomoucky',57),
(926,'Olomoucky Kraj',57),
(927,'Pardubicky',57),
(928,'Plzensky',57),
(929,'Praha',57),
(930,'Rajhrad',57),
(931,'Smirice',57),
(932,'South Moravian',57),
(933,'Straz nad Nisou',57),
(934,'Stredochesky',57),
(935,'Unicov',57),
(936,'Ustecky',57),
(937,'Valletta',57),
(938,'Velesin',57),
(939,'Vysochina',57),
(940,'Zlinsky',57),
(941,'Arhus',58),
(942,'Bornholm',58),
(943,'Frederiksborg',58),
(944,'Fyn',58),
(945,'Hovedstaden',58),
(946,'Kobenhavn',58),
(947,'Kobenhavns Amt',58),
(948,'Kobenhavns Kommune',58),
(949,'Nordjylland',58),
(950,'Ribe',58),
(951,'Ringkobing',58),
(952,'Roervig',58),
(953,'Roskilde',58),
(954,'Roslev',58),
(955,'Sjaelland',58),
(956,'Soeborg',58),
(957,'Sonderjylland',58),
(958,'Storstrom',58),
(959,'Syddanmark',58),
(960,'Toelloese',58),
(961,'Vejle',58),
(962,'Vestsjalland',58),
(963,'Viborg',58),
(964,'\'Ali Sabih',59),
(965,'Dikhil',59),
(966,'Jibuti',59),
(967,'Tajurah',59),
(968,'Ubuk',59),
(969,'Saint Andrew',60),
(970,'Saint David',60),
(971,'Saint George',60),
(972,'Saint John',60),
(973,'Saint Joseph',60),
(974,'Saint Luke',60),
(975,'Saint Mark',60),
(976,'Saint Patrick',60),
(977,'Saint Paul',60),
(978,'Saint Peter',60),
(979,'Azua',61),
(980,'Bahoruco',61),
(981,'Barahona',61),
(982,'Dajabon',61),
(983,'Distrito Nacional',61),
(984,'Duarte',61),
(985,'El Seybo',61),
(986,'Elias Pina',61),
(987,'Espaillat',61),
(988,'Hato Mayor',61),
(989,'Independencia',61),
(990,'La Altagracia',61),
(991,'La Romana',61),
(992,'La Vega',61),
(993,'Maria Trinidad Sanchez',61),
(994,'Monsenor Nouel',61),
(995,'Monte Cristi',61),
(996,'Monte Plata',61),
(997,'Pedernales',61),
(998,'Peravia',61),
(999,'Puerto Plata',61),
(1000,'Salcedo',61),
(1001,'Samana',61),
(1002,'San Cristobal',61),
(1003,'San Juan',61),
(1004,'San Pedro de Macoris',61),
(1005,'Sanchez Ramirez',61),
(1006,'Santiago',61),
(1007,'Santiago Rodriguez',61),
(1008,'Valverde',61),
(1009,'Aileu',62),
(1010,'Ainaro',62),
(1011,'Ambeno',62),
(1012,'Baucau',62),
(1013,'Bobonaro',62),
(1014,'Cova Lima',62),
(1015,'Dili',62),
(1016,'Ermera',62),
(1017,'Lautem',62),
(1018,'Liquica',62),
(1019,'Manatuto',62),
(1020,'Manufahi',62),
(1021,'Viqueque',62),
(1022,'Azuay',63),
(1023,'Bolivar',63),
(1024,'Canar',63),
(1025,'Carchi',63),
(1026,'Chimborazo',63),
(1027,'Cotopaxi',63),
(1028,'El Oro',63),
(1029,'Esmeraldas',63),
(1030,'Galapagos',63),
(1031,'Guayas',63),
(1032,'Imbabura',63),
(1033,'Loja',63),
(1034,'Los Rios',63),
(1035,'Manabi',63),
(1036,'Morona Santiago',63),
(1037,'Napo',63),
(1038,'Orellana',63),
(1039,'Pastaza',63),
(1040,'Pichincha',63),
(1041,'Sucumbios',63),
(1042,'Tungurahua',63),
(1043,'Zamora Chinchipe',63),
(1044,'Aswan',64),
(1045,'Asyut',64),
(1046,'Bani Suwayf',64),
(1047,'Bur Sa\'id',64),
(1048,'Cairo',64),
(1049,'Dumyat',64),
(1050,'Kafr-ash-Shaykh',64),
(1051,'Matruh',64),
(1052,'Muhafazat ad Daqahliyah',64),
(1053,'Muhafazat al Fayyum',64),
(1054,'Muhafazat al Gharbiyah',64),
(1055,'Muhafazat al Iskandariyah',64),
(1056,'Muhafazat al Qahirah',64),
(1057,'Qina',64),
(1058,'Sawhaj',64),
(1059,'Sina al-Janubiyah',64),
(1060,'Sina ash-Shamaliyah',64),
(1061,'ad-Daqahliyah',64),
(1062,'al-Bahr-al-Ahmar',64),
(1063,'al-Buhayrah',64),
(1064,'al-Fayyum',64),
(1065,'al-Gharbiyah',64),
(1066,'al-Iskandariyah',64),
(1067,'al-Ismailiyah',64),
(1068,'al-Jizah',64),
(1069,'al-Minufiyah',64),
(1070,'al-Minya',64),
(1071,'al-Qahira',64),
(1072,'al-Qalyubiyah',64),
(1073,'al-Uqsur',64),
(1074,'al-Wadi al-Jadid',64),
(1075,'as-Suways',64),
(1076,'ash-Sharqiyah',64),
(1077,'Ahuachapan',65),
(1078,'Cabanas',65),
(1079,'Chalatenango',65),
(1080,'Cuscatlan',65),
(1081,'La Libertad',65),
(1082,'La Paz',65),
(1083,'La Union',65),
(1084,'Morazan',65),
(1085,'San Miguel',65),
(1086,'San Salvador',65),
(1087,'San Vicente',65),
(1088,'Santa Ana',65),
(1089,'Sonsonate',65),
(1090,'Usulutan',65),
(1091,'Annobon',66),
(1092,'Bioko Norte',66),
(1093,'Bioko Sur',66),
(1094,'Centro Sur',66),
(1095,'Kie-Ntem',66),
(1096,'Litoral',66),
(1097,'Wele-Nzas',66),
(1098,'Anseba',67),
(1099,'Debub',67),
(1100,'Debub-Keih-Bahri',67),
(1101,'Gash-Barka',67),
(1102,'Maekel',67),
(1103,'Semien-Keih-Bahri',67),
(1104,'Harju',68),
(1105,'Hiiu',68),
(1106,'Ida-Viru',68),
(1107,'Jarva',68),
(1108,'Jogeva',68),
(1109,'Laane',68),
(1110,'Laane-Viru',68),
(1111,'Parnu',68),
(1112,'Polva',68),
(1113,'Rapla',68),
(1114,'Saare',68),
(1115,'Tartu',68),
(1116,'Valga',68),
(1117,'Viljandi',68),
(1118,'Voru',68),
(1119,'Addis Abeba',69),
(1120,'Afar',69),
(1121,'Amhara',69),
(1122,'Benishangul',69),
(1123,'Diredawa',69),
(1124,'Gambella',69),
(1125,'Harar',69),
(1126,'Jigjiga',69),
(1127,'Mekele',69),
(1128,'Oromia',69),
(1129,'Somali',69),
(1130,'Southern',69),
(1131,'Tigray',69),
(1132,'Christmas Island',70),
(1133,'Cocos Islands',70),
(1134,'Coral Sea Islands',70),
(1135,'Falkland Islands',71),
(1136,'South Georgia',71),
(1137,'Klaksvik',72),
(1138,'Nor ara Eysturoy',72),
(1139,'Nor oy',72),
(1140,'Sandoy',72),
(1141,'Streymoy',72),
(1142,'Su uroy',72),
(1143,'Sy ra Eysturoy',72),
(1144,'Torshavn',72),
(1145,'Vaga',72),
(1146,'Central',73),
(1147,'Eastern',73),
(1148,'Northern',73),
(1149,'South Pacific',73),
(1150,'Western',73),
(1151,'Ahvenanmaa',74),
(1152,'Etela-Karjala',74),
(1153,'Etela-Pohjanmaa',74),
(1154,'Etela-Savo',74),
(1155,'Etela-Suomen Laani',74),
(1156,'Ita-Suomen Laani',74),
(1157,'Ita-Uusimaa',74),
(1158,'Kainuu',74),
(1159,'Kanta-Hame',74),
(1160,'Keski-Pohjanmaa',74),
(1161,'Keski-Suomi',74),
(1162,'Kymenlaakso',74),
(1163,'Lansi-Suomen Laani',74),
(1164,'Lappi',74),
(1165,'Northern Savonia',74),
(1166,'Ostrobothnia',74),
(1167,'Oulun Laani',74),
(1168,'Paijat-Hame',74),
(1169,'Pirkanmaa',74),
(1170,'Pohjanmaa',74),
(1171,'Pohjois-Karjala',74),
(1172,'Pohjois-Pohjanmaa',74),
(1173,'Pohjois-Savo',74),
(1174,'Saarijarvi',74),
(1175,'Satakunta',74),
(1176,'Southern Savonia',74),
(1177,'Tavastia Proper',74),
(1178,'Uleaborgs Lan',74),
(1179,'Uusimaa',74),
(1180,'Varsinais-Suomi',74),
(1181,'Ain',75),
(1182,'Aisne',75),
(1183,'Albi Le Sequestre',75),
(1184,'Allier',75),
(1185,'Alpes-Cote dAzur',75),
(1186,'Alpes-Maritimes',75),
(1187,'Alpes-de-Haute-Provence',75),
(1188,'Alsace',75),
(1189,'Aquitaine',75),
(1190,'Ardeche',75),
(1191,'Ardennes',75),
(1192,'Ariege',75),
(1193,'Aube',75),
(1194,'Aude',75),
(1195,'Auvergne',75),
(1196,'Aveyron',75),
(1197,'Bas-Rhin',75),
(1198,'Basse-Normandie',75),
(1199,'Bouches-du-Rhone',75),
(1200,'Bourgogne',75),
(1201,'Bretagne',75),
(1202,'Brittany',75),
(1203,'Burgundy',75),
(1204,'Calvados',75),
(1205,'Cantal',75),
(1206,'Cedex',75),
(1207,'Centre',75),
(1208,'Charente',75),
(1209,'Charente-Maritime',75),
(1210,'Cher',75),
(1211,'Correze',75),
(1212,'Corse-du-Sud',75),
(1213,'Cote-d\'Or',75),
(1214,'Cotes-d\'Armor',75),
(1215,'Creuse',75),
(1216,'Crolles',75),
(1217,'Deux-Sevres',75),
(1218,'Dordogne',75),
(1219,'Doubs',75),
(1220,'Drome',75),
(1221,'Essonne',75),
(1222,'Eure',75),
(1223,'Eure-et-Loir',75),
(1224,'Feucherolles',75),
(1225,'Finistere',75),
(1226,'Franche-Comte',75),
(1227,'Gard',75),
(1228,'Gers',75),
(1229,'Gironde',75),
(1230,'Haut-Rhin',75),
(1231,'Haute-Corse',75),
(1232,'Haute-Garonne',75),
(1233,'Haute-Loire',75),
(1234,'Haute-Marne',75),
(1235,'Haute-Saone',75),
(1236,'Haute-Savoie',75),
(1237,'Haute-Vienne',75),
(1238,'Hautes-Alpes',75),
(1239,'Hautes-Pyrenees',75),
(1240,'Hauts-de-Seine',75),
(1241,'Herault',75),
(1242,'Ile-de-France',75),
(1243,'Ille-et-Vilaine',75),
(1244,'Indre',75),
(1245,'Indre-et-Loire',75),
(1246,'Isere',75),
(1247,'Jura',75),
(1248,'Klagenfurt',75),
(1249,'Landes',75),
(1250,'Languedoc-Roussillon',75),
(1251,'Larcay',75),
(1252,'Le Castellet',75),
(1253,'Le Creusot',75),
(1254,'Limousin',75),
(1255,'Loir-et-Cher',75),
(1256,'Loire',75),
(1257,'Loire-Atlantique',75),
(1258,'Loiret',75),
(1259,'Lorraine',75),
(1260,'Lot',75),
(1261,'Lot-et-Garonne',75),
(1262,'Lower Normandy',75),
(1263,'Lozere',75),
(1264,'Maine-et-Loire',75),
(1265,'Manche',75),
(1266,'Marne',75),
(1267,'Mayenne',75),
(1268,'Meurthe-et-Moselle',75),
(1269,'Meuse',75),
(1270,'Midi-Pyrenees',75),
(1271,'Morbihan',75),
(1272,'Moselle',75),
(1273,'Nievre',75),
(1274,'Nord',75),
(1275,'Nord-Pas-de-Calais',75),
(1276,'Oise',75),
(1277,'Orne',75),
(1278,'Paris',75),
(1279,'Pas-de-Calais',75),
(1280,'Pays de la Loire',75),
(1281,'Pays-de-la-Loire',75),
(1282,'Picardy',75),
(1283,'Puy-de-Dome',75),
(1284,'Pyrenees-Atlantiques',75),
(1285,'Pyrenees-Orientales',75),
(1286,'Quelmes',75),
(1287,'Rhone',75),
(1288,'Rhone-Alpes',75),
(1289,'Saint Ouen',75),
(1290,'Saint Viatre',75),
(1291,'Saone-et-Loire',75),
(1292,'Sarthe',75),
(1293,'Savoie',75),
(1294,'Seine-Maritime',75),
(1295,'Seine-Saint-Denis',75),
(1296,'Seine-et-Marne',75),
(1297,'Somme',75),
(1298,'Sophia Antipolis',75),
(1299,'Souvans',75),
(1300,'Tarn',75),
(1301,'Tarn-et-Garonne',75),
(1302,'Territoire de Belfort',75),
(1303,'Treignac',75),
(1304,'Upper Normandy',75),
(1305,'Val-d\'Oise',75),
(1306,'Val-de-Marne',75),
(1307,'Var',75),
(1308,'Vaucluse',75),
(1309,'Vellise',75),
(1310,'Vendee',75),
(1311,'Vienne',75),
(1312,'Vosges',75),
(1313,'Yonne',75),
(1314,'Yvelines',75),
(1315,'Cayenne',76),
(1316,'Saint-Laurent-du-Maroni',76),
(1317,'Iles du Vent',77),
(1318,'Iles sous le Vent',77),
(1319,'Marquesas',77),
(1320,'Tuamotu',77),
(1321,'Tubuai',77),
(1322,'Amsterdam',78),
(1323,'Crozet Islands',78),
(1324,'Kerguelen',78),
(1325,'Estuaire',79),
(1326,'Haut-Ogooue',79),
(1327,'Moyen-Ogooue',79),
(1328,'Ngounie',79),
(1329,'Nyanga',79),
(1330,'Ogooue-Ivindo',79),
(1331,'Ogooue-Lolo',79),
(1332,'Ogooue-Maritime',79),
(1333,'Woleu-Ntem',79),
(1334,'Banjul',80),
(1335,'Basse',80),
(1336,'Brikama',80),
(1337,'Janjanbureh',80),
(1338,'Kanifing',80),
(1339,'Kerewan',80),
(1340,'Kuntaur',80),
(1341,'Mansakonko',80),
(1342,'Abhasia',81),
(1343,'Ajaria',81),
(1344,'Guria',81),
(1345,'Imereti',81),
(1346,'Kaheti',81),
(1347,'Kvemo Kartli',81),
(1348,'Mcheta-Mtianeti',81),
(1349,'Racha',81),
(1350,'Samagrelo-Zemo Svaneti',81),
(1351,'Samche-Zhavaheti',81),
(1352,'Shida Kartli',81),
(1353,'Tbilisi',81),
(1354,'Auvergne',82),
(1355,'Baden-Wurttemberg',82),
(1356,'Bavaria',82),
(1357,'Bayern',82),
(1358,'Beilstein Wurtt',82),
(1359,'Berlin',82),
(1360,'Brandenburg',82),
(1361,'Bremen',82),
(1362,'Dreisbach',82),
(1363,'Freistaat Bayern',82),
(1364,'Hamburg',82),
(1365,'Hannover',82),
(1366,'Heroldstatt',82),
(1367,'Hessen',82),
(1368,'Kortenberg',82),
(1369,'Laasdorf',82),
(1370,'Land Baden-Wurttemberg',82),
(1371,'Land Bayern',82),
(1372,'Land Brandenburg',82),
(1373,'Land Hessen',82),
(1374,'Land Mecklenburg-Vorpommern',82),
(1375,'Land Nordrhein-Westfalen',82),
(1376,'Land Rheinland-Pfalz',82),
(1377,'Land Sachsen',82),
(1378,'Land Sachsen-Anhalt',82),
(1379,'Land Thuringen',82),
(1380,'Lower Saxony',82),
(1381,'Mecklenburg-Vorpommern',82),
(1382,'Mulfingen',82),
(1383,'Munich',82),
(1384,'Neubeuern',82),
(1385,'Niedersachsen',82),
(1386,'Noord-Holland',82),
(1387,'Nordrhein-Westfalen',82),
(1388,'North Rhine-Westphalia',82),
(1389,'Osterode',82),
(1390,'Rheinland-Pfalz',82),
(1391,'Rhineland-Palatinate',82),
(1392,'Saarland',82),
(1393,'Sachsen',82),
(1394,'Sachsen-Anhalt',82),
(1395,'Saxony',82),
(1396,'Schleswig-Holstein',82),
(1397,'Thuringia',82),
(1398,'Webling',82),
(1399,'Weinstrabe',82),
(1400,'schlobborn',82),
(1401,'Ashanti',83),
(1402,'Brong-Ahafo',83),
(1403,'Central',83),
(1404,'Eastern',83),
(1405,'Greater Accra',83),
(1406,'Northern',83),
(1407,'Upper East',83),
(1408,'Upper West',83),
(1409,'Volta',83),
(1410,'Western',83),
(1411,'Gibraltar',84),
(1412,'Acharnes',85),
(1413,'Ahaia',85),
(1414,'Aitolia kai Akarnania',85),
(1415,'Argolis',85),
(1416,'Arkadia',85),
(1417,'Arta',85),
(1418,'Attica',85),
(1419,'Attiki',85),
(1420,'Ayion Oros',85),
(1421,'Crete',85),
(1422,'Dodekanisos',85),
(1423,'Drama',85),
(1424,'Evia',85),
(1425,'Evritania',85),
(1426,'Evros',85),
(1427,'Evvoia',85),
(1428,'Florina',85),
(1429,'Fokis',85),
(1430,'Fthiotis',85),
(1431,'Grevena',85),
(1432,'Halandri',85),
(1433,'Halkidiki',85),
(1434,'Hania',85),
(1435,'Heraklion',85),
(1436,'Hios',85),
(1437,'Ilia',85),
(1438,'Imathia',85),
(1439,'Ioannina',85),
(1440,'Iraklion',85),
(1441,'Karditsa',85),
(1442,'Kastoria',85),
(1443,'Kavala',85),
(1444,'Kefallinia',85),
(1445,'Kerkira',85),
(1446,'Kiklades',85),
(1447,'Kilkis',85),
(1448,'Korinthia',85),
(1449,'Kozani',85),
(1450,'Lakonia',85),
(1451,'Larisa',85),
(1452,'Lasithi',85),
(1453,'Lesvos',85),
(1454,'Levkas',85),
(1455,'Magnisia',85),
(1456,'Messinia',85),
(1457,'Nomos Attikis',85),
(1458,'Nomos Zakynthou',85),
(1459,'Pella',85),
(1460,'Pieria',85),
(1461,'Piraios',85),
(1462,'Preveza',85),
(1463,'Rethimni',85),
(1464,'Rodopi',85),
(1465,'Samos',85),
(1466,'Serrai',85),
(1467,'Thesprotia',85),
(1468,'Thessaloniki',85),
(1469,'Trikala',85),
(1470,'Voiotia',85),
(1471,'West Greece',85),
(1472,'Xanthi',85),
(1473,'Zakinthos',85),
(1474,'Aasiaat',86),
(1475,'Ammassalik',86),
(1476,'Illoqqortoormiut',86),
(1477,'Ilulissat',86),
(1478,'Ivittuut',86),
(1479,'Kangaatsiaq',86),
(1480,'Maniitsoq',86),
(1481,'Nanortalik',86),
(1482,'Narsaq',86),
(1483,'Nuuk',86),
(1484,'Paamiut',86),
(1485,'Qaanaaq',86),
(1486,'Qaqortoq',86),
(1487,'Qasigiannguit',86),
(1488,'Qeqertarsuaq',86),
(1489,'Sisimiut',86),
(1490,'Udenfor kommunal inddeling',86),
(1491,'Upernavik',86),
(1492,'Uummannaq',86),
(1493,'Carriacou-Petite Martinique',87),
(1494,'Saint Andrew',87),
(1495,'Saint Davids',87),
(1496,'Saint George\'s',87),
(1497,'Saint John',87),
(1498,'Saint Mark',87),
(1499,'Saint Patrick',87),
(1500,'Basse-Terre',88),
(1501,'Grande-Terre',88),
(1502,'Iles des Saintes',88),
(1503,'La Desirade',88),
(1504,'Marie-Galante',88),
(1505,'Saint Barthelemy',88),
(1506,'Saint Martin',88),
(1507,'Agana Heights',89),
(1508,'Agat',89),
(1509,'Barrigada',89),
(1510,'Chalan-Pago-Ordot',89),
(1511,'Dededo',89),
(1512,'Hagatna',89),
(1513,'Inarajan',89),
(1514,'Mangilao',89),
(1515,'Merizo',89),
(1516,'Mongmong-Toto-Maite',89),
(1517,'Santa Rita',89),
(1518,'Sinajana',89),
(1519,'Talofofo',89),
(1520,'Tamuning',89),
(1521,'Yigo',89),
(1522,'Yona',89),
(1523,'Alta Verapaz',90),
(1524,'Baja Verapaz',90),
(1525,'Chimaltenango',90),
(1526,'Chiquimula',90),
(1527,'El Progreso',90),
(1528,'Escuintla',90),
(1529,'Guatemala',90),
(1530,'Huehuetenango',90),
(1531,'Izabal',90),
(1532,'Jalapa',90),
(1533,'Jutiapa',90),
(1534,'Peten',90),
(1535,'Quezaltenango',90),
(1536,'Quiche',90),
(1537,'Retalhuleu',90),
(1538,'Sacatepequez',90),
(1539,'San Marcos',90),
(1540,'Santa Rosa',90),
(1541,'Solola',90),
(1542,'Suchitepequez',90),
(1543,'Totonicapan',90),
(1544,'Zacapa',90),
(1545,'Alderney',91),
(1546,'Castel',91),
(1547,'Forest',91),
(1548,'Saint Andrew',91),
(1549,'Saint Martin',91),
(1550,'Saint Peter Port',91),
(1551,'Saint Pierre du Bois',91),
(1552,'Saint Sampson',91),
(1553,'Saint Saviour',91),
(1554,'Sark',91),
(1555,'Torteval',91),
(1556,'Vale',91),
(1557,'Beyla',92),
(1558,'Boffa',92),
(1559,'Boke',92),
(1560,'Conakry',92),
(1561,'Coyah',92),
(1562,'Dabola',92),
(1563,'Dalaba',92),
(1564,'Dinguiraye',92),
(1565,'Faranah',92),
(1566,'Forecariah',92),
(1567,'Fria',92),
(1568,'Gaoual',92),
(1569,'Gueckedou',92),
(1570,'Kankan',92),
(1571,'Kerouane',92),
(1572,'Kindia',92),
(1573,'Kissidougou',92),
(1574,'Koubia',92),
(1575,'Koundara',92),
(1576,'Kouroussa',92),
(1577,'Labe',92),
(1578,'Lola',92),
(1579,'Macenta',92),
(1580,'Mali',92),
(1581,'Mamou',92),
(1582,'Mandiana',92),
(1583,'Nzerekore',92),
(1584,'Pita',92),
(1585,'Siguiri',92),
(1586,'Telimele',92),
(1587,'Tougue',92),
(1588,'Yomou',92),
(1589,'Bafata',93),
(1590,'Bissau',93),
(1591,'Bolama',93),
(1592,'Cacheu',93),
(1593,'Gabu',93),
(1594,'Oio',93),
(1595,'Quinara',93),
(1596,'Tombali',93),
(1597,'Barima-Waini',94),
(1598,'Cuyuni-Mazaruni',94),
(1599,'Demerara-Mahaica',94),
(1600,'East Berbice-Corentyne',94),
(1601,'Essequibo Islands-West Demerar',94),
(1602,'Mahaica-Berbice',94),
(1603,'Pomeroon-Supenaam',94),
(1604,'Potaro-Siparuni',94),
(1605,'Upper Demerara-Berbice',94),
(1606,'Upper Takutu-Upper Essequibo',94),
(1607,'Artibonite',95),
(1608,'Centre',95),
(1609,'Grand\'Anse',95),
(1610,'Nord',95),
(1611,'Nord-Est',95),
(1612,'Nord-Ouest',95),
(1613,'Ouest',95),
(1614,'Sud',95),
(1615,'Sud-Est',95),
(1616,'Heard and McDonald Islands',96),
(1617,'Atlantida',97),
(1618,'Choluteca',97),
(1619,'Colon',97),
(1620,'Comayagua',97),
(1621,'Copan',97),
(1622,'Cortes',97),
(1623,'Distrito Central',97),
(1624,'El Paraiso',97),
(1625,'Francisco Morazan',97),
(1626,'Gracias a Dios',97),
(1627,'Intibuca',97),
(1628,'Islas de la Bahia',97),
(1629,'La Paz',97),
(1630,'Lempira',97),
(1631,'Ocotepeque',97),
(1632,'Olancho',97),
(1633,'Santa Barbara',97),
(1634,'Valle',97),
(1635,'Yoro',97),
(1636,'Hong Kong',98),
(1637,'Bacs-Kiskun',99),
(1638,'Baranya',99),
(1639,'Bekes',99),
(1640,'Borsod-Abauj-Zemplen',99),
(1641,'Budapest',99),
(1642,'Csongrad',99),
(1643,'Fejer',99),
(1644,'Gyor-Moson-Sopron',99),
(1645,'Hajdu-Bihar',99),
(1646,'Heves',99),
(1647,'Jasz-Nagykun-Szolnok',99),
(1648,'Komarom-Esztergom',99),
(1649,'Nograd',99),
(1650,'Pest',99),
(1651,'Somogy',99),
(1652,'Szabolcs-Szatmar-Bereg',99),
(1653,'Tolna',99),
(1654,'Vas',99),
(1655,'Veszprem',99),
(1656,'Zala',99),
(1657,'Austurland',100),
(1658,'Gullbringusysla',100),
(1659,'Hofu borgarsva i',100),
(1660,'Nor urland eystra',100),
(1661,'Nor urland vestra',100),
(1662,'Su urland',100),
(1663,'Su urnes',100),
(1664,'Vestfir ir',100),
(1665,'Vesturland',100),
(1666,'Aceh',102),
(1667,'Bali',102),
(1668,'Bangka-Belitung',102),
(1669,'Banten',102),
(1670,'Bengkulu',102),
(1671,'Gandaria',102),
(1672,'Gorontalo',102),
(1673,'Jakarta',102),
(1674,'Jambi',102),
(1675,'Jawa Barat',102),
(1676,'Jawa Tengah',102),
(1677,'Jawa Timur',102),
(1678,'Kalimantan Barat',102),
(1679,'Kalimantan Selatan',102),
(1680,'Kalimantan Tengah',102),
(1681,'Kalimantan Timur',102),
(1682,'Kendal',102),
(1683,'Lampung',102),
(1684,'Maluku',102),
(1685,'Maluku Utara',102),
(1686,'Nusa Tenggara Barat',102),
(1687,'Nusa Tenggara Timur',102),
(1688,'Papua',102),
(1689,'Riau',102),
(1690,'Riau Kepulauan',102),
(1691,'Solo',102),
(1692,'Sulawesi Selatan',102),
(1693,'Sulawesi Tengah',102),
(1694,'Sulawesi Tenggara',102),
(1695,'Sulawesi Utara',102),
(1696,'Sumatera Barat',102),
(1697,'Sumatera Selatan',102),
(1698,'Sumatera Utara',102),
(1699,'Yogyakarta',102),
(1700,'Ardabil',103),
(1701,'Azarbayjan-e Bakhtari',103),
(1702,'Azarbayjan-e Khavari',103),
(1703,'Bushehr',103),
(1704,'Chahar Mahal-e Bakhtiari',103),
(1705,'Esfahan',103),
(1706,'Fars',103),
(1707,'Gilan',103),
(1708,'Golestan',103),
(1709,'Hamadan',103),
(1710,'Hormozgan',103),
(1711,'Ilam',103),
(1712,'Kerman',103),
(1713,'Kermanshah',103),
(1714,'Khorasan',103),
(1715,'Khuzestan',103),
(1716,'Kohgiluyeh-e Boyerahmad',103),
(1717,'Kordestan',103),
(1718,'Lorestan',103),
(1719,'Markazi',103),
(1720,'Mazandaran',103),
(1721,'Ostan-e Esfahan',103),
(1722,'Qazvin',103),
(1723,'Qom',103),
(1724,'Semnan',103),
(1725,'Sistan-e Baluchestan',103),
(1726,'Tehran',103),
(1727,'Yazd',103),
(1728,'Zanjan',103),
(1729,'Babil',104),
(1730,'Baghdad',104),
(1731,'Dahuk',104),
(1732,'Dhi Qar',104),
(1733,'Diyala',104),
(1734,'Erbil',104),
(1735,'Irbil',104),
(1736,'Karbala',104),
(1737,'Kurdistan',104),
(1738,'Maysan',104),
(1739,'Ninawa',104),
(1740,'Salah-ad-Din',104),
(1741,'Wasit',104),
(1742,'al-Anbar',104),
(1743,'al-Basrah',104),
(1744,'al-Muthanna',104),
(1745,'al-Qadisiyah',104),
(1746,'an-Najaf',104),
(1747,'as-Sulaymaniyah',104),
(1748,'at-Ta\'mim',104),
(1749,'Armagh',105),
(1750,'Carlow',105),
(1751,'Cavan',105),
(1752,'Clare',105),
(1753,'Cork',105),
(1754,'Donegal',105),
(1755,'Dublin',105),
(1756,'Galway',105),
(1757,'Kerry',105),
(1758,'Kildare',105),
(1759,'Kilkenny',105),
(1760,'Laois',105),
(1761,'Leinster',105),
(1762,'Leitrim',105),
(1763,'Limerick',105),
(1764,'Loch Garman',105),
(1765,'Longford',105),
(1766,'Louth',105),
(1767,'Mayo',105),
(1768,'Meath',105),
(1769,'Monaghan',105),
(1770,'Offaly',105),
(1771,'Roscommon',105),
(1772,'Sligo',105),
(1773,'Tipperary North Riding',105),
(1774,'Tipperary South Riding',105),
(1775,'Ulster',105),
(1776,'Waterford',105),
(1777,'Westmeath',105),
(1778,'Wexford',105),
(1779,'Wicklow',105),
(1780,'Beit Hanania',106),
(1781,'Ben Gurion Airport',106),
(1782,'Bethlehem',106),
(1783,'Caesarea',106),
(1784,'Centre',106),
(1785,'Gaza',106),
(1786,'Hadaron',106),
(1787,'Haifa District',106),
(1788,'Hamerkaz',106),
(1789,'Hazafon',106),
(1790,'Hebron',106),
(1791,'Jaffa',106),
(1792,'Jerusalem',106),
(1793,'Khefa',106),
(1794,'Kiryat Yam',106),
(1795,'Lower Galilee',106),
(1796,'Qalqilya',106),
(1797,'Talme Elazar',106),
(1798,'Tel Aviv',106),
(1799,'Tsafon',106),
(1800,'Umm El Fahem',106),
(1801,'Yerushalayim',106),
(1802,'Abruzzi',107),
(1803,'Abruzzo',107),
(1804,'Agrigento',107),
(1805,'Alessandria',107),
(1806,'Ancona',107),
(1807,'Arezzo',107),
(1808,'Ascoli Piceno',107),
(1809,'Asti',107),
(1810,'Avellino',107),
(1811,'Bari',107),
(1812,'Basilicata',107),
(1813,'Belluno',107),
(1814,'Benevento',107),
(1815,'Bergamo',107),
(1816,'Biella',107),
(1817,'Bologna',107),
(1818,'Bolzano',107),
(1819,'Brescia',107),
(1820,'Brindisi',107),
(1821,'Calabria',107),
(1822,'Campania',107),
(1823,'Cartoceto',107),
(1824,'Caserta',107),
(1825,'Catania',107),
(1826,'Chieti',107),
(1827,'Como',107),
(1828,'Cosenza',107),
(1829,'Cremona',107),
(1830,'Cuneo',107),
(1831,'Emilia-Romagna',107),
(1832,'Ferrara',107),
(1833,'Firenze',107),
(1834,'Florence',107),
(1835,'Forli-Cesena ',107),
(1836,'Friuli-Venezia Giulia',107),
(1837,'Frosinone',107),
(1838,'Genoa',107),
(1839,'Gorizia',107),
(1840,'L\'Aquila',107),
(1841,'Lazio',107),
(1842,'Lecce',107),
(1843,'Lecco',107),
(1844,'Lecco Province',107),
(1845,'Liguria',107),
(1846,'Lodi',107),
(1847,'Lombardia',107),
(1848,'Lombardy',107),
(1849,'Macerata',107),
(1850,'Mantova',107),
(1851,'Marche',107),
(1852,'Messina',107),
(1853,'Milan',107),
(1854,'Modena',107),
(1855,'Molise',107),
(1856,'Molteno',107),
(1857,'Montenegro',107),
(1858,'Monza and Brianza',107),
(1859,'Naples',107),
(1860,'Novara',107),
(1861,'Padova',107),
(1862,'Parma',107),
(1863,'Pavia',107),
(1864,'Perugia',107),
(1865,'Pesaro-Urbino',107),
(1866,'Piacenza',107),
(1867,'Piedmont',107),
(1868,'Piemonte',107),
(1869,'Pisa',107),
(1870,'Pordenone',107),
(1871,'Potenza',107),
(1872,'Puglia',107),
(1873,'Reggio Emilia',107),
(1874,'Rimini',107),
(1875,'Roma',107),
(1876,'Salerno',107),
(1877,'Sardegna',107),
(1878,'Sassari',107),
(1879,'Savona',107),
(1880,'Sicilia',107),
(1881,'Siena',107),
(1882,'Sondrio',107),
(1883,'South Tyrol',107),
(1884,'Taranto',107),
(1885,'Teramo',107),
(1886,'Torino',107),
(1887,'Toscana',107),
(1888,'Trapani',107),
(1889,'Trentino-Alto Adige',107),
(1890,'Trento',107),
(1891,'Treviso',107),
(1892,'Udine',107),
(1893,'Umbria',107),
(1894,'Valle d\'Aosta',107),
(1895,'Varese',107),
(1896,'Veneto',107),
(1897,'Venezia',107),
(1898,'Verbano-Cusio-Ossola',107),
(1899,'Vercelli',107),
(1900,'Verona',107),
(1901,'Vicenza',107),
(1902,'Viterbo',107),
(1903,'Buxoro Viloyati',108),
(1904,'Clarendon',108),
(1905,'Hanover',108),
(1906,'Kingston',108),
(1907,'Manchester',108),
(1908,'Portland',108),
(1909,'Saint Andrews',108),
(1910,'Saint Ann',108),
(1911,'Saint Catherine',108),
(1912,'Saint Elizabeth',108),
(1913,'Saint James',108),
(1914,'Saint Mary',108),
(1915,'Saint Thomas',108),
(1916,'Trelawney',108),
(1917,'Westmoreland',108),
(1918,'Aichi',109),
(1919,'Akita',109),
(1920,'Aomori',109),
(1921,'Chiba',109),
(1922,'Ehime',109),
(1923,'Fukui',109),
(1924,'Fukuoka',109),
(1925,'Fukushima',109),
(1926,'Gifu',109),
(1927,'Gumma',109),
(1928,'Hiroshima',109),
(1929,'Hokkaido',109),
(1930,'Hyogo',109),
(1931,'Ibaraki',109),
(1932,'Ishikawa',109),
(1933,'Iwate',109),
(1934,'Kagawa',109),
(1935,'Kagoshima',109),
(1936,'Kanagawa',109),
(1937,'Kanto',109),
(1938,'Kochi',109),
(1939,'Kumamoto',109),
(1940,'Kyoto',109),
(1941,'Mie',109),
(1942,'Miyagi',109),
(1943,'Miyazaki',109),
(1944,'Nagano',109),
(1945,'Nagasaki',109),
(1946,'Nara',109),
(1947,'Niigata',109),
(1948,'Oita',109),
(1949,'Okayama',109),
(1950,'Okinawa',109),
(1951,'Osaka',109),
(1952,'Saga',109),
(1953,'Saitama',109),
(1954,'Shiga',109),
(1955,'Shimane',109),
(1956,'Shizuoka',109),
(1957,'Tochigi',109),
(1958,'Tokushima',109),
(1959,'Tokyo',109),
(1960,'Tottori',109),
(1961,'Toyama',109),
(1962,'Wakayama',109),
(1963,'Yamagata',109),
(1964,'Yamaguchi',109),
(1965,'Yamanashi',109),
(1966,'Grouville',110),
(1967,'Saint Brelade',110),
(1968,'Saint Clement',110),
(1969,'Saint Helier',110),
(1970,'Saint John',110),
(1971,'Saint Lawrence',110),
(1972,'Saint Martin',110),
(1973,'Saint Mary',110),
(1974,'Saint Peter',110),
(1975,'Saint Saviour',110),
(1976,'Trinity',110),
(1977,'\'Ajlun',111),
(1978,'Amman',111),
(1979,'Irbid',111),
(1980,'Jarash',111),
(1981,'Ma\'an',111),
(1982,'Madaba',111),
(1983,'al-\'Aqabah',111),
(1984,'al-Balqa\'',111),
(1985,'al-Karak',111),
(1986,'al-Mafraq',111),
(1987,'at-Tafilah',111),
(1988,'az-Zarqa\'',111),
(1989,'Akmecet',112),
(1990,'Akmola',112),
(1991,'Aktobe',112),
(1992,'Almati',112),
(1993,'Atirau',112),
(1994,'Batis Kazakstan',112),
(1995,'Burlinsky Region',112),
(1996,'Karagandi',112),
(1997,'Kostanay',112),
(1998,'Mankistau',112),
(1999,'Ontustik Kazakstan',112),
(2000,'Pavlodar',112),
(2001,'Sigis Kazakstan',112),
(2002,'Soltustik Kazakstan',112),
(2003,'Taraz',112),
(2004,'Central',113),
(2005,'Coast',113),
(2006,'Eastern',113),
(2007,'Nairobi',113),
(2008,'North Eastern',113),
(2009,'Nyanza',113),
(2010,'Rift Valley',113),
(2011,'Western',113),
(2012,'Abaiang',114),
(2013,'Abemana',114),
(2014,'Aranuka',114),
(2015,'Arorae',114),
(2016,'Banaba',114),
(2017,'Beru',114),
(2018,'Butaritari',114),
(2019,'Kiritimati',114),
(2020,'Kuria',114),
(2021,'Maiana',114),
(2022,'Makin',114),
(2023,'Marakei',114),
(2024,'Nikunau',114),
(2025,'Nonouti',114),
(2026,'Onotoa',114),
(2027,'Phoenix Islands',114),
(2028,'Tabiteuea North',114),
(2029,'Tabiteuea South',114),
(2030,'Tabuaeran',114),
(2031,'Tamana',114),
(2032,'Tarawa North',114),
(2033,'Tarawa South',114),
(2034,'Teraina',114),
(2035,'Chagangdo',115),
(2036,'Hamgyeongbukto',115),
(2037,'Hamgyeongnamdo',115),
(2038,'Hwanghaebukto',115),
(2039,'Hwanghaenamdo',115),
(2040,'Kaeseong',115),
(2041,'Kangweon',115),
(2042,'Nampo',115),
(2043,'Pyeonganbukto',115),
(2044,'Pyeongannamdo',115),
(2045,'Pyeongyang',115),
(2046,'Yanggang',115),
(2047,'Busan',116),
(2048,'Cheju',116),
(2049,'Chollabuk',116),
(2050,'Chollanam',116),
(2051,'Chungbuk',116),
(2052,'Chungcheongbuk',116),
(2053,'Chungcheongnam',116),
(2054,'Chungnam',116),
(2055,'Daegu',116),
(2056,'Gangwon-do',116),
(2057,'Goyang-si',116),
(2058,'Gyeonggi-do',116),
(2059,'Gyeongsang ',116),
(2060,'Gyeongsangnam-do',116),
(2061,'Incheon',116),
(2062,'Jeju-Si',116),
(2063,'Jeonbuk',116),
(2064,'Kangweon',116),
(2065,'Kwangju',116),
(2066,'Kyeonggi',116),
(2067,'Kyeongsangbuk',116),
(2068,'Kyeongsangnam',116),
(2069,'Kyonggi-do',116),
(2070,'Kyungbuk-Do',116),
(2071,'Kyunggi-Do',116),
(2072,'Kyunggi-do',116),
(2073,'Pusan',116),
(2074,'Seoul',116),
(2075,'Sudogwon',116),
(2076,'Taegu',116),
(2077,'Taejeon',116),
(2078,'Taejon-gwangyoksi',116),
(2079,'Ulsan',116),
(2080,'Wonju',116),
(2081,'gwangyoksi',116),
(2082,'Al Asimah',117),
(2083,'Hawalli',117),
(2084,'Mishref',117),
(2085,'Qadesiya',117),
(2086,'Safat',117),
(2087,'Salmiya',117),
(2088,'al-Ahmadi',117),
(2089,'al-Farwaniyah',117),
(2090,'al-Jahra',117),
(2091,'al-Kuwayt',117),
(2092,'Batken',118),
(2093,'Bishkek',118),
(2094,'Chui',118),
(2095,'Issyk-Kul',118),
(2096,'Jalal-Abad',118),
(2097,'Naryn',118),
(2098,'Osh',118),
(2099,'Talas',118),
(2100,'Attopu',119),
(2101,'Bokeo',119),
(2102,'Bolikhamsay',119),
(2103,'Champasak',119),
(2104,'Houaphanh',119),
(2105,'Khammouane',119),
(2106,'Luang Nam Tha',119),
(2107,'Luang Prabang',119),
(2108,'Oudomxay',119),
(2109,'Phongsaly',119),
(2110,'Saravan',119),
(2111,'Savannakhet',119),
(2112,'Sekong',119),
(2113,'Viangchan Prefecture',119),
(2114,'Viangchan Province',119),
(2115,'Xaignabury',119),
(2116,'Xiang Khuang',119),
(2117,'Aizkraukles',120),
(2118,'Aluksnes',120),
(2119,'Balvu',120),
(2120,'Bauskas',120),
(2121,'Cesu',120),
(2122,'Daugavpils',120),
(2123,'Daugavpils City',120),
(2124,'Dobeles',120),
(2125,'Gulbenes',120),
(2126,'Jekabspils',120),
(2127,'Jelgava',120),
(2128,'Jelgavas',120),
(2129,'Jurmala City',120),
(2130,'Kraslavas',120),
(2131,'Kuldigas',120),
(2132,'Liepaja',120),
(2133,'Liepajas',120),
(2134,'Limbazhu',120),
(2135,'Ludzas',120),
(2136,'Madonas',120),
(2137,'Ogres',120),
(2138,'Preilu',120),
(2139,'Rezekne',120),
(2140,'Rezeknes',120),
(2141,'Riga',120),
(2142,'Rigas',120),
(2143,'Saldus',120),
(2144,'Talsu',120),
(2145,'Tukuma',120),
(2146,'Valkas',120),
(2147,'Valmieras',120),
(2148,'Ventspils',120),
(2149,'Ventspils City',120),
(2150,'Beirut',121),
(2151,'Jabal Lubnan',121),
(2152,'Mohafazat Liban-Nord',121),
(2153,'Mohafazat Mont-Liban',121),
(2154,'Sidon',121),
(2155,'al-Biqa',121),
(2156,'al-Janub',121),
(2157,'an-Nabatiyah',121),
(2158,'ash-Shamal',121),
(2159,'Berea',122),
(2160,'Butha-Buthe',122),
(2161,'Leribe',122),
(2162,'Mafeteng',122),
(2163,'Maseru',122),
(2164,'Mohale\'s Hoek',122),
(2165,'Mokhotlong',122),
(2166,'Qacha\'s Nek',122),
(2167,'Quthing',122),
(2168,'Thaba-Tseka',122),
(2169,'Bomi',123),
(2170,'Bong',123),
(2171,'Grand Bassa',123),
(2172,'Grand Cape Mount',123),
(2173,'Grand Gedeh',123),
(2174,'Loffa',123),
(2175,'Margibi',123),
(2176,'Maryland and Grand Kru',123),
(2177,'Montserrado',123),
(2178,'Nimba',123),
(2179,'Rivercess',123),
(2180,'Sinoe',123),
(2181,'Ajdabiya',124),
(2182,'Fezzan',124),
(2183,'Banghazi',124),
(2184,'Darnah',124),
(2185,'Ghadamis',124),
(2186,'Gharyan',124),
(2187,'Misratah',124),
(2188,'Murzuq',124),
(2189,'Sabha',124),
(2190,'Sawfajjin',124),
(2191,'Surt',124),
(2192,'Tarabulus',124),
(2193,'Tarhunah',124),
(2194,'Tripolitania',124),
(2195,'Tubruq',124),
(2196,'Yafran',124),
(2197,'Zlitan',124),
(2198,'al-\'Aziziyah',124),
(2199,'al-Fatih',124),
(2200,'al-Jabal al Akhdar',124),
(2201,'al-Jufrah',124),
(2202,'al-Khums',124),
(2203,'al-Kufrah',124),
(2204,'an-Nuqat al-Khams',124),
(2205,'ash-Shati\'',124),
(2206,'az-Zawiyah',124),
(2207,'Balzers',125),
(2208,'Eschen',125),
(2209,'Gamprin',125),
(2210,'Mauren',125),
(2211,'Planken',125),
(2212,'Ruggell',125),
(2213,'Schaan',125),
(2214,'Schellenberg',125),
(2215,'Triesen',125),
(2216,'Triesenberg',125),
(2217,'Vaduz',125),
(2218,'Alytaus',126),
(2219,'Anyksciai',126),
(2220,'Kauno',126),
(2221,'Klaipedos',126),
(2222,'Marijampoles',126),
(2223,'Panevezhio',126),
(2224,'Panevezys',126),
(2225,'Shiauliu',126),
(2226,'Taurages',126),
(2227,'Telshiu',126),
(2228,'Telsiai',126),
(2229,'Utenos',126),
(2230,'Vilniaus',126),
(2231,'Capellen',127),
(2232,'Clervaux',127),
(2233,'Diekirch',127),
(2234,'Echternach',127),
(2235,'Esch-sur-Alzette',127),
(2236,'Grevenmacher',127),
(2237,'Luxembourg',127),
(2238,'Mersch',127),
(2239,'Redange',127),
(2240,'Remich',127),
(2241,'Vianden',127),
(2242,'Wiltz',127),
(2243,'Macau',128),
(2244,'Berovo',129),
(2245,'Bitola',129),
(2246,'Brod',129),
(2247,'Debar',129),
(2248,'Delchevo',129),
(2249,'Demir Hisar',129),
(2250,'Gevgelija',129),
(2251,'Gostivar',129),
(2252,'Kavadarci',129),
(2253,'Kichevo',129),
(2254,'Kochani',129),
(2255,'Kratovo',129),
(2256,'Kriva Palanka',129),
(2257,'Krushevo',129),
(2258,'Kumanovo',129),
(2259,'Negotino',129),
(2260,'Ohrid',129),
(2261,'Prilep',129),
(2262,'Probishtip',129),
(2263,'Radovish',129),
(2264,'Resen',129),
(2265,'Shtip',129),
(2266,'Skopje',129),
(2267,'Struga',129),
(2268,'Strumica',129),
(2269,'Sveti Nikole',129),
(2270,'Tetovo',129),
(2271,'Valandovo',129),
(2272,'Veles',129),
(2273,'Vinica',129),
(2274,'Antananarivo',130),
(2275,'Antsiranana',130),
(2276,'Fianarantsoa',130),
(2277,'Mahajanga',130),
(2278,'Toamasina',130),
(2279,'Toliary',130),
(2280,'Balaka',131),
(2281,'Blantyre City',131),
(2282,'Chikwawa',131),
(2283,'Chiradzulu',131),
(2284,'Chitipa',131),
(2285,'Dedza',131),
(2286,'Dowa',131),
(2287,'Karonga',131),
(2288,'Kasungu',131),
(2289,'Lilongwe City',131),
(2290,'Machinga',131),
(2291,'Mangochi',131),
(2292,'Mchinji',131),
(2293,'Mulanje',131),
(2294,'Mwanza',131),
(2295,'Mzimba',131),
(2296,'Mzuzu City',131),
(2297,'Nkhata Bay',131),
(2298,'Nkhotakota',131),
(2299,'Nsanje',131),
(2300,'Ntcheu',131),
(2301,'Ntchisi',131),
(2302,'Phalombe',131),
(2303,'Rumphi',131),
(2304,'Salima',131),
(2305,'Thyolo',131),
(2306,'Zomba Municipality',131),
(2307,'Johor',132),
(2308,'Kedah',132),
(2309,'Kelantan',132),
(2310,'Kuala Lumpur',132),
(2311,'Labuan',132),
(2312,'Melaka',132),
(2313,'Negeri Johor',132),
(2314,'Negeri Sembilan',132),
(2315,'Pahang',132),
(2316,'Penang',132),
(2317,'Perak',132),
(2318,'Perlis',132),
(2319,'Pulau Pinang',132),
(2320,'Sabah',132),
(2321,'Sarawak',132),
(2322,'Selangor',132),
(2323,'Sembilan',132),
(2324,'Terengganu',132),
(2325,'Alif Alif',133),
(2326,'Alif Dhaal',133),
(2327,'Baa',133),
(2328,'Dhaal',133),
(2329,'Faaf',133),
(2330,'Gaaf Alif',133),
(2331,'Gaaf Dhaal',133),
(2332,'Ghaviyani',133),
(2333,'Haa Alif',133),
(2334,'Haa Dhaal',133),
(2335,'Kaaf',133),
(2336,'Laam',133),
(2337,'Lhaviyani',133),
(2338,'Male',133),
(2339,'Miim',133),
(2340,'Nuun',133),
(2341,'Raa',133),
(2342,'Shaviyani',133),
(2343,'Siin',133),
(2344,'Thaa',133),
(2345,'Vaav',133),
(2346,'Bamako',134),
(2347,'Gao',134),
(2348,'Kayes',134),
(2349,'Kidal',134),
(2350,'Koulikoro',134),
(2351,'Mopti',134),
(2352,'Segou',134),
(2353,'Sikasso',134),
(2354,'Tombouctou',134),
(2355,'Gozo and Comino',135),
(2356,'Inner Harbour',135),
(2357,'Northern',135),
(2358,'Outer Harbour',135),
(2359,'South Eastern',135),
(2360,'Valletta',135),
(2361,'Western',135),
(2362,'Castletown',136),
(2363,'Douglas',136),
(2364,'Laxey',136),
(2365,'Onchan',136),
(2366,'Peel',136),
(2367,'Port Erin',136),
(2368,'Port Saint Mary',136),
(2369,'Ramsey',136),
(2370,'Ailinlaplap',137),
(2371,'Ailuk',137),
(2372,'Arno',137),
(2373,'Aur',137),
(2374,'Bikini',137),
(2375,'Ebon',137),
(2376,'Enewetak',137),
(2377,'Jabat',137),
(2378,'Jaluit',137),
(2379,'Kili',137),
(2380,'Kwajalein',137),
(2381,'Lae',137),
(2382,'Lib',137),
(2383,'Likiep',137),
(2384,'Majuro',137),
(2385,'Maloelap',137),
(2386,'Mejit',137),
(2387,'Mili',137),
(2388,'Namorik',137),
(2389,'Namu',137),
(2390,'Rongelap',137),
(2391,'Ujae',137),
(2392,'Utrik',137),
(2393,'Wotho',137),
(2394,'Wotje',137),
(2395,'Fort-de-France',138),
(2396,'La Trinite',138),
(2397,'Le Marin',138),
(2398,'Saint-Pierre',138),
(2399,'Adrar',139),
(2400,'Assaba',139),
(2401,'Brakna',139),
(2402,'Dhakhlat Nawadibu',139),
(2403,'Hudh-al-Gharbi',139),
(2404,'Hudh-ash-Sharqi',139),
(2405,'Inshiri',139),
(2406,'Nawakshut',139),
(2407,'Qidimagha',139),
(2408,'Qurqul',139),
(2409,'Taqant',139),
(2410,'Tiris Zammur',139),
(2411,'Trarza',139),
(2412,'Black River',140),
(2413,'Eau Coulee',140),
(2414,'Flacq',140),
(2415,'Floreal',140),
(2416,'Grand Port',140),
(2417,'Moka',140),
(2418,'Pamplempousses',140),
(2419,'Plaines Wilhelm',140),
(2420,'Port Louis',140),
(2421,'Riviere du Rempart',140),
(2422,'Rodrigues',140),
(2423,'Rose Hill',140),
(2424,'Savanne',140),
(2425,'Mayotte',141),
(2426,'Pamanzi',141),
(2427,'Aguascalientes',142),
(2428,'Baja California',142),
(2429,'Baja California Sur',142),
(2430,'Campeche',142),
(2431,'Chiapas',142),
(2432,'Chihuahua',142),
(2433,'Coahuila',142),
(2434,'Colima',142),
(2435,'Distrito Federal',142),
(2436,'Durango',142),
(2437,'Estado de Mexico',142),
(2438,'Guanajuato',142),
(2439,'Guerrero',142),
(2440,'Hidalgo',142),
(2441,'Jalisco',142),
(2442,'Mexico',142),
(2443,'Michoacan',142),
(2444,'Morelos',142),
(2445,'Nayarit',142),
(2446,'Nuevo Leon',142),
(2447,'Oaxaca',142),
(2448,'Puebla',142),
(2449,'Queretaro',142),
(2450,'Quintana Roo',142),
(2451,'San Luis Potosi',142),
(2452,'Sinaloa',142),
(2453,'Sonora',142),
(2454,'Tabasco',142),
(2455,'Tamaulipas',142),
(2456,'Tlaxcala',142),
(2457,'Veracruz',142),
(2458,'Yucatan',142),
(2459,'Zacatecas',142),
(2460,'Chuuk',143),
(2461,'Kusaie',143),
(2462,'Pohnpei',143),
(2463,'Yap',143),
(2464,'Balti',144),
(2465,'Cahul',144),
(2466,'Chisinau',144),
(2467,'Chisinau Oras',144),
(2468,'Edinet',144),
(2469,'Gagauzia',144),
(2470,'Lapusna',144),
(2471,'Orhei',144),
(2472,'Soroca',144),
(2473,'Taraclia',144),
(2474,'Tighina',144),
(2475,'Transnistria',144),
(2476,'Ungheni',144),
(2477,'Fontvieille',145),
(2478,'La Condamine',145),
(2479,'Monaco-Ville',145),
(2480,'Monte Carlo',145),
(2481,'Arhangaj',146),
(2482,'Bajan-Olgij',146),
(2483,'Bajanhongor',146),
(2484,'Bulgan',146),
(2485,'Darhan-Uul',146),
(2486,'Dornod',146),
(2487,'Dornogovi',146),
(2488,'Dundgovi',146),
(2489,'Govi-Altaj',146),
(2490,'Govisumber',146),
(2491,'Hentij',146),
(2492,'Hovd',146),
(2493,'Hovsgol',146),
(2494,'Omnogovi',146),
(2495,'Orhon',146),
(2496,'Ovorhangaj',146),
(2497,'Selenge',146),
(2498,'Suhbaatar',146),
(2499,'Tov',146),
(2500,'Ulaanbaatar',146),
(2501,'Uvs',146),
(2502,'Zavhan',146),
(2503,'Montserrat',147),
(2504,'Agadir',148),
(2505,'Casablanca',148),
(2506,'Chaouia-Ouardigha',148),
(2507,'Doukkala-Abda',148),
(2508,'Fes-Boulemane',148),
(2509,'Gharb-Chrarda-Beni Hssen',148),
(2510,'Guelmim',148),
(2511,'Kenitra',148),
(2512,'Marrakech-Tensift-Al Haouz',148),
(2513,'Meknes-Tafilalet',148),
(2514,'Oriental',148),
(2515,'Oujda',148),
(2516,'Province de Tanger',148),
(2517,'Rabat-Sale-Zammour-Zaer',148),
(2518,'Sala Al Jadida',148),
(2519,'Settat',148),
(2520,'Souss Massa-Draa',148),
(2521,'Tadla-Azilal',148),
(2522,'Tangier-Tetouan',148),
(2523,'Taza-Al Hoceima-Taounate',148),
(2524,'Wilaya de Casablanca',148),
(2525,'Wilaya de Rabat-Sale',148),
(2526,'Cabo Delgado',149),
(2527,'Gaza',149),
(2528,'Inhambane',149),
(2529,'Manica',149),
(2530,'Maputo',149),
(2531,'Maputo Provincia',149),
(2532,'Nampula',149),
(2533,'Niassa',149),
(2534,'Sofala',149),
(2535,'Tete',149),
(2536,'Zambezia',149),
(2537,'Ayeyarwady',150),
(2538,'Bago',150),
(2539,'Chin',150),
(2540,'Kachin',150),
(2541,'Kayah',150),
(2542,'Kayin',150),
(2543,'Magway',150),
(2544,'Mandalay',150),
(2545,'Mon',150),
(2546,'Nay Pyi Taw',150),
(2547,'Rakhine',150),
(2548,'Sagaing',150),
(2549,'Shan',150),
(2550,'Tanintharyi',150),
(2551,'Yangon',150),
(2552,'Caprivi',151),
(2553,'Erongo',151),
(2554,'Hardap',151),
(2555,'Karas',151),
(2556,'Kavango',151),
(2557,'Khomas',151),
(2558,'Kunene',151),
(2559,'Ohangwena',151),
(2560,'Omaheke',151),
(2561,'Omusati',151),
(2562,'Oshana',151),
(2563,'Oshikoto',151),
(2564,'Otjozondjupa',151),
(2565,'Yaren',152),
(2566,'Bagmati',153),
(2567,'Bheri',153),
(2568,'Dhawalagiri',153),
(2569,'Gandaki',153),
(2570,'Janakpur',153),
(2571,'Karnali',153),
(2572,'Koshi',153),
(2573,'Lumbini',153),
(2574,'Mahakali',153),
(2575,'Mechi',153),
(2576,'Narayani',153),
(2577,'Rapti',153),
(2578,'Sagarmatha',153),
(2579,'Seti',153),
(2580,'Bonaire',154),
(2581,'Curacao',154),
(2582,'Saba',154),
(2583,'Sint Eustatius',154),
(2584,'Sint Maarten',154),
(2585,'Amsterdam',155),
(2586,'Benelux',155),
(2587,'Drenthe',155),
(2588,'Flevoland',155),
(2589,'Friesland',155),
(2590,'Gelderland',155),
(2591,'Groningen',155),
(2592,'Limburg',155),
(2593,'Noord-Brabant',155),
(2594,'Noord-Holland',155),
(2595,'Overijssel',155),
(2596,'South Holland',155),
(2597,'Utrecht',155),
(2598,'Zeeland',155),
(2599,'Zuid-Holland',155),
(2600,'Iles',156),
(2601,'Nord',156),
(2602,'Sud',156),
(2603,'Area Outside Region',157),
(2604,'Auckland',157),
(2605,'Bay of Plenty',157),
(2606,'Canterbury',157),
(2607,'Christchurch',157),
(2608,'Gisborne',157),
(2609,'Hawke\'s Bay',157),
(2610,'Manawatu-Wanganui',157),
(2611,'Marlborough',157),
(2612,'Nelson',157),
(2613,'Northland',157),
(2614,'Otago',157),
(2615,'Rodney',157),
(2616,'Southland',157),
(2617,'Taranaki',157),
(2618,'Tasman',157),
(2619,'Waikato',157),
(2620,'Wellington',157),
(2621,'West Coast',157),
(2622,'Atlantico Norte',158),
(2623,'Atlantico Sur',158),
(2624,'Boaco',158),
(2625,'Carazo',158),
(2626,'Chinandega',158),
(2627,'Chontales',158),
(2628,'Esteli',158),
(2629,'Granada',158),
(2630,'Jinotega',158),
(2631,'Leon',158),
(2632,'Madriz',158),
(2633,'Managua',158),
(2634,'Masaya',158),
(2635,'Matagalpa',158),
(2636,'Nueva Segovia',158),
(2637,'Rio San Juan',158),
(2638,'Rivas',158),
(2639,'Agadez',159),
(2640,'Diffa',159),
(2641,'Dosso',159),
(2642,'Maradi',159),
(2643,'Niamey',159),
(2644,'Tahoua',159),
(2645,'Tillabery',159),
(2646,'Zinder',159),
(2647,'Abia',160),
(2648,'Abuja Federal Capital Territor',160),
(2649,'Adamawa',160),
(2650,'Akwa Ibom',160),
(2651,'Anambra',160),
(2652,'Bauchi',160),
(2653,'Bayelsa',160),
(2654,'Benue',160),
(2655,'Borno',160),
(2656,'Cross River',160),
(2657,'Delta',160),
(2658,'Ebonyi',160),
(2659,'Edo',160),
(2660,'Ekiti',160),
(2661,'Enugu',160),
(2662,'Gombe',160),
(2663,'Imo',160),
(2664,'Jigawa',160),
(2665,'Kaduna',160),
(2666,'Kano',160),
(2667,'Katsina',160),
(2668,'Kebbi',160),
(2669,'Kogi',160),
(2670,'Kwara',160),
(2671,'Lagos',160),
(2672,'Nassarawa',160),
(2673,'Niger',160),
(2674,'Ogun',160),
(2675,'Ondo',160),
(2676,'Osun',160),
(2677,'Oyo',160),
(2678,'Plateau',160),
(2679,'Rivers',160),
(2680,'Sokoto',160),
(2681,'Taraba',160),
(2682,'Yobe',160),
(2683,'Zamfara',160),
(2684,'Niue',161),
(2685,'Norfolk Island',162),
(2686,'Northern Islands',163),
(2687,'Rota',163),
(2688,'Saipan',163),
(2689,'Tinian',163),
(2690,'Akershus',164),
(2691,'Aust Agder',164),
(2692,'Bergen',164),
(2693,'Buskerud',164),
(2694,'Finnmark',164),
(2695,'Hedmark',164),
(2696,'Hordaland',164),
(2697,'Moere og Romsdal',164),
(2698,'Nord Trondelag',164),
(2699,'Nordland',164),
(2700,'Oestfold',164),
(2701,'Oppland',164),
(2702,'Oslo',164),
(2703,'Rogaland',164),
(2704,'Soer Troendelag',164),
(2705,'Sogn og Fjordane',164),
(2706,'Stavern',164),
(2707,'Sykkylven',164),
(2708,'Telemark',164),
(2709,'Troms',164),
(2710,'Vest Agder',164),
(2711,'Vestfold',164),
(2712,'stfold',164),
(2713,'Al Buraimi',165),
(2714,'Dhufar',165),
(2715,'Masqat',165),
(2716,'Musandam',165),
(2717,'Rusayl',165),
(2718,'Wadi Kabir',165),
(2719,'ad-Dakhiliyah',165),
(2720,'adh-Dhahirah',165),
(2721,'al-Batinah',165),
(2722,'ash-Sharqiyah',165),
(2723,'Baluchistan',166),
(2724,'Federal Capital Area',166),
(2725,'Federally administered Tribal ',166),
(2726,'North-West Frontier',166),
(2727,'Northern Areas',166),
(2728,'Punjab',166),
(2729,'Sind',166),
(2730,'Aimeliik',167),
(2731,'Airai',167),
(2732,'Angaur',167),
(2733,'Hatobohei',167),
(2734,'Kayangel',167),
(2735,'Koror',167),
(2736,'Melekeok',167),
(2737,'Ngaraard',167),
(2738,'Ngardmau',167),
(2739,'Ngaremlengui',167),
(2740,'Ngatpang',167),
(2741,'Ngchesar',167),
(2742,'Ngerchelong',167),
(2743,'Ngiwal',167),
(2744,'Peleliu',167),
(2745,'Sonsorol',167),
(2746,'Ariha',168),
(2747,'Bayt Lahm',168),
(2748,'Bethlehem',168),
(2749,'Dayr-al-Balah',168),
(2750,'Ghazzah',168),
(2751,'Ghazzah ash-Shamaliyah',168),
(2752,'Janin',168),
(2753,'Khan Yunis',168),
(2754,'Nabulus',168),
(2755,'Qalqilyah',168),
(2756,'Rafah',168),
(2757,'Ram Allah wal-Birah',168),
(2758,'Salfit',168),
(2759,'Tubas',168),
(2760,'Tulkarm',168),
(2761,'al-Khalil',168),
(2762,'al-Quds',168),
(2763,'Bocas del Toro',169),
(2764,'Chiriqui',169),
(2765,'Cocle',169),
(2766,'Colon',169),
(2767,'Darien',169),
(2768,'Embera',169),
(2769,'Herrera',169),
(2770,'Kuna Yala',169),
(2771,'Los Santos',169),
(2772,'Ngobe Bugle',169),
(2773,'Panama',169),
(2774,'Veraguas',169),
(2775,'East New Britain',170),
(2776,'East Sepik',170),
(2777,'Eastern Highlands',170),
(2778,'Enga',170),
(2779,'Fly River',170),
(2780,'Gulf',170),
(2781,'Madang',170),
(2782,'Manus',170),
(2783,'Milne Bay',170),
(2784,'Morobe',170),
(2785,'National Capital District',170),
(2786,'New Ireland',170),
(2787,'North Solomons',170),
(2788,'Oro',170),
(2789,'Sandaun',170),
(2790,'Simbu',170),
(2791,'Southern Highlands',170),
(2792,'West New Britain',170),
(2793,'Western Highlands',170),
(2794,'Alto Paraguay',171),
(2795,'Alto Parana',171),
(2796,'Amambay',171),
(2797,'Asuncion',171),
(2798,'Boqueron',171),
(2799,'Caaguazu',171),
(2800,'Caazapa',171),
(2801,'Canendiyu',171),
(2802,'Central',171),
(2803,'Concepcion',171),
(2804,'Cordillera',171),
(2805,'Guaira',171),
(2806,'Itapua',171),
(2807,'Misiones',171),
(2808,'Neembucu',171),
(2809,'Paraguari',171),
(2810,'Presidente Hayes',171),
(2811,'San Pedro',171),
(2812,'Amazonas',172),
(2813,'Ancash',172),
(2814,'Apurimac',172),
(2815,'Arequipa',172),
(2816,'Ayacucho',172),
(2817,'Cajamarca',172),
(2818,'Cusco',172),
(2819,'Huancavelica',172),
(2820,'Huanuco',172),
(2821,'Ica',172),
(2822,'Junin',172),
(2823,'La Libertad',172),
(2824,'Lambayeque',172),
(2825,'Lima y Callao',172),
(2826,'Loreto',172),
(2827,'Madre de Dios',172),
(2828,'Moquegua',172),
(2829,'Pasco',172),
(2830,'Piura',172),
(2831,'Puno',172),
(2832,'San Martin',172),
(2833,'Tacna',172),
(2834,'Tumbes',172),
(2835,'Ucayali',172),
(2836,'Batangas',173),
(2837,'Bicol',173),
(2838,'Bulacan',173),
(2839,'Cagayan',173),
(2840,'Caraga',173),
(2841,'Central Luzon',173),
(2842,'Central Mindanao',173),
(2843,'Central Visayas',173),
(2844,'Cordillera',173),
(2845,'Davao',173),
(2846,'Eastern Visayas',173),
(2847,'Greater Metropolitan Area',173),
(2848,'Ilocos',173),
(2849,'Laguna',173),
(2850,'Luzon',173),
(2851,'Mactan',173),
(2852,'Metropolitan Manila Area',173),
(2853,'Muslim Mindanao',173),
(2854,'Northern Mindanao',173),
(2855,'Southern Mindanao',173),
(2856,'Southern Tagalog',173),
(2857,'Western Mindanao',173),
(2858,'Western Visayas',173),
(2859,'Pitcairn Island',174),
(2860,'Biale Blota',175),
(2861,'Dobroszyce',175),
(2862,'Dolnoslaskie',175),
(2863,'Dziekanow Lesny',175),
(2864,'Hopowo',175),
(2865,'Kartuzy',175),
(2866,'Koscian',175),
(2867,'Krakow',175),
(2868,'Kujawsko-Pomorskie',175),
(2869,'Lodzkie',175),
(2870,'Lubelskie',175),
(2871,'Lubuskie',175),
(2872,'Malomice',175),
(2873,'Malopolskie',175),
(2874,'Mazowieckie',175),
(2875,'Mirkow',175),
(2876,'Opolskie',175),
(2877,'Ostrowiec',175),
(2878,'Podkarpackie',175),
(2879,'Podlaskie',175),
(2880,'Polska',175),
(2881,'Pomorskie',175),
(2882,'Poznan',175),
(2883,'Pruszkow',175),
(2884,'Rymanowska',175),
(2885,'Rzeszow',175),
(2886,'Slaskie',175),
(2887,'Stare Pole',175),
(2888,'Swietokrzyskie',175),
(2889,'Warminsko-Mazurskie',175),
(2890,'Warsaw',175),
(2891,'Wejherowo',175),
(2892,'Wielkopolskie',175),
(2893,'Wroclaw',175),
(2894,'Zachodnio-Pomorskie',175),
(2895,'Zukowo',175),
(2896,'Abrantes',176),
(2897,'Acores',176),
(2898,'Alentejo',176),
(2899,'Algarve',176),
(2900,'Braga',176),
(2901,'Centro',176),
(2902,'Distrito de Leiria',176),
(2903,'Distrito de Viana do Castelo',176),
(2904,'Distrito de Vila Real',176),
(2905,'Distrito do Porto',176),
(2906,'Lisboa e Vale do Tejo',176),
(2907,'Madeira',176),
(2908,'Norte',176),
(2909,'Paivas',176),
(2910,'Arecibo',177),
(2911,'Bayamon',177),
(2912,'Carolina',177),
(2913,'Florida',177),
(2914,'Guayama',177),
(2915,'Humacao',177),
(2916,'Mayaguez-Aguadilla',177),
(2917,'Ponce',177),
(2918,'Salinas',177),
(2919,'San Juan',177),
(2920,'Doha',178),
(2921,'Jarian-al-Batnah',178),
(2922,'Umm Salal',178),
(2923,'ad-Dawhah',178),
(2924,'al-Ghuwayriyah',178),
(2925,'al-Jumayliyah',178),
(2926,'al-Khawr',178),
(2927,'al-Wakrah',178),
(2928,'ar-Rayyan',178),
(2929,'ash-Shamal',178),
(2930,'Saint-Benoit',179),
(2931,'Saint-Denis',179),
(2932,'Saint-Paul',179),
(2933,'Saint-Pierre',179),
(2934,'Alba',180),
(2935,'Arad',180),
(2936,'Arges',180),
(2937,'Bacau',180),
(2938,'Bihor',180),
(2939,'Bistrita-Nasaud',180),
(2940,'Botosani',180),
(2941,'Braila',180),
(2942,'Brasov',180),
(2943,'Bucuresti',180),
(2944,'Buzau',180),
(2945,'Calarasi',180),
(2946,'Caras-Severin',180),
(2947,'Cluj',180),
(2948,'Constanta',180),
(2949,'Covasna',180),
(2950,'Dambovita',180),
(2951,'Dolj',180),
(2952,'Galati',180),
(2953,'Giurgiu',180),
(2954,'Gorj',180),
(2955,'Harghita',180),
(2956,'Hunedoara',180),
(2957,'Ialomita',180),
(2958,'Iasi',180),
(2959,'Ilfov',180),
(2960,'Maramures',180),
(2961,'Mehedinti',180),
(2962,'Mures',180),
(2963,'Neamt',180),
(2964,'Olt',180),
(2965,'Prahova',180),
(2966,'Salaj',180),
(2967,'Satu Mare',180),
(2968,'Sibiu',180),
(2969,'Sondelor',180),
(2970,'Suceava',180),
(2971,'Teleorman',180),
(2972,'Timis',180),
(2973,'Tulcea',180),
(2974,'Valcea',180),
(2975,'Vaslui',180),
(2976,'Vrancea',180),
(2977,'Adygeja',181),
(2978,'Aga',181),
(2979,'Alanija',181),
(2980,'Altaj',181),
(2981,'Amur',181),
(2982,'Arhangelsk',181),
(2983,'Astrahan',181),
(2984,'Bashkortostan',181),
(2985,'Belgorod',181),
(2986,'Brjansk',181),
(2987,'Burjatija',181),
(2988,'Chechenija',181),
(2989,'Cheljabinsk',181),
(2990,'Chita',181),
(2991,'Chukotka',181),
(2992,'Chuvashija',181),
(2993,'Dagestan',181),
(2994,'Evenkija',181),
(2995,'Gorno-Altaj',181),
(2996,'Habarovsk',181),
(2997,'Hakasija',181),
(2998,'Hanty-Mansija',181),
(2999,'Ingusetija',181),
(3000,'Irkutsk',181),
(3001,'Ivanovo',181),
(3002,'Jamalo-Nenets',181),
(3003,'Jaroslavl',181),
(3004,'Jevrej',181),
(3005,'Kabardino-Balkarija',181),
(3006,'Kaliningrad',181),
(3007,'Kalmykija',181),
(3008,'Kaluga',181),
(3009,'Kamchatka',181),
(3010,'Karachaj-Cherkessija',181),
(3011,'Karelija',181),
(3012,'Kemerovo',181),
(3013,'Khabarovskiy Kray',181),
(3014,'Kirov',181),
(3015,'Komi',181),
(3016,'Komi-Permjakija',181),
(3017,'Korjakija',181),
(3018,'Kostroma',181),
(3019,'Krasnodar',181),
(3020,'Krasnojarsk',181),
(3021,'Krasnoyarskiy Kray',181),
(3022,'Kurgan',181),
(3023,'Kursk',181),
(3024,'Leningrad',181),
(3025,'Lipeck',181),
(3026,'Magadan',181),
(3027,'Marij El',181),
(3028,'Mordovija',181),
(3029,'Moscow',181),
(3030,'Moskovskaja Oblast',181),
(3031,'Moskovskaya Oblast',181),
(3032,'Moskva',181),
(3033,'Murmansk',181),
(3034,'Nenets',181),
(3035,'Nizhnij Novgorod',181),
(3036,'Novgorod',181),
(3037,'Novokusnezk',181),
(3038,'Novosibirsk',181),
(3039,'Omsk',181),
(3040,'Orenburg',181),
(3041,'Orjol',181),
(3042,'Penza',181),
(3043,'Perm',181),
(3044,'Primorje',181),
(3045,'Pskov',181),
(3046,'Pskovskaya Oblast',181),
(3047,'Rjazan',181),
(3048,'Rostov',181),
(3049,'Saha',181),
(3050,'Sahalin',181),
(3051,'Samara',181),
(3052,'Samarskaya',181),
(3053,'Sankt-Peterburg',181),
(3054,'Saratov',181),
(3055,'Smolensk',181),
(3056,'Stavropol',181),
(3057,'Sverdlovsk',181),
(3058,'Tajmyrija',181),
(3059,'Tambov',181),
(3060,'Tatarstan',181),
(3061,'Tjumen',181),
(3062,'Tomsk',181),
(3063,'Tula',181),
(3064,'Tver',181),
(3065,'Tyva',181),
(3066,'Udmurtija',181),
(3067,'Uljanovsk',181),
(3068,'Ulyanovskaya Oblast',181),
(3069,'Ust-Orda',181),
(3070,'Vladimir',181),
(3071,'Volgograd',181),
(3072,'Vologda',181),
(3073,'Voronezh',181),
(3074,'Butare',182),
(3075,'Byumba',182),
(3076,'Cyangugu',182),
(3077,'Gikongoro',182),
(3078,'Gisenyi',182),
(3079,'Gitarama',182),
(3080,'Kibungo',182),
(3081,'Kibuye',182),
(3082,'Kigali-ngali',182),
(3083,'Ruhengeri',182),
(3084,'Ascension',183),
(3085,'Gough Island',183),
(3086,'Saint Helena',183),
(3087,'Tristan da Cunha',183),
(3088,'Christ Church Nichola Town',184),
(3089,'Saint Anne Sandy Point',184),
(3090,'Saint George Basseterre',184),
(3091,'Saint George Gingerland',184),
(3092,'Saint James Windward',184),
(3093,'Saint John Capesterre',184),
(3094,'Saint John Figtree',184),
(3095,'Saint Mary Cayon',184),
(3096,'Saint Paul Capesterre',184),
(3097,'Saint Paul Charlestown',184),
(3098,'Saint Peter Basseterre',184),
(3099,'Saint Thomas Lowland',184),
(3100,'Saint Thomas Middle Island',184),
(3101,'Trinity Palmetto Point',184),
(3102,'Anse-la-Raye',185),
(3103,'Canaries',185),
(3104,'Castries',185),
(3105,'Choiseul',185),
(3106,'Dennery',185),
(3107,'Gros Inlet',185),
(3108,'Laborie',185),
(3109,'Micoud',185),
(3110,'Soufriere',185),
(3111,'Vieux Fort',185),
(3112,'Miquelon-Langlade',186),
(3113,'Saint-Pierre',186),
(3114,'Charlotte',187),
(3115,'Grenadines',187),
(3116,'Saint Andrew',187),
(3117,'Saint David',187),
(3118,'Saint George',187),
(3119,'Saint Patrick',187),
(3120,'A\'ana',188),
(3121,'Aiga-i-le-Tai',188),
(3122,'Atua',188),
(3123,'Fa\'asaleleaga',188),
(3124,'Gaga\'emauga',188),
(3125,'Gagaifomauga',188),
(3126,'Palauli',188),
(3127,'Satupa\'itea',188),
(3128,'Tuamasaga',188),
(3129,'Va\'a-o-Fonoti',188),
(3130,'Vaisigano',188),
(3131,'Acquaviva',189),
(3132,'Borgo Maggiore',189),
(3133,'Chiesanuova',189),
(3134,'Domagnano',189),
(3135,'Faetano',189),
(3136,'Fiorentino',189),
(3137,'Montegiardino',189),
(3138,'San Marino',189),
(3139,'Serravalle',189),
(3140,'Agua Grande',190),
(3141,'Cantagalo',190),
(3142,'Lemba',190),
(3143,'Lobata',190),
(3144,'Me-Zochi',190),
(3145,'Pague',190),
(3146,'Al Khobar',191),
(3147,'Aseer',191),
(3148,'Ash Sharqiyah',191),
(3149,'Asir',191),
(3150,'Central Province',191),
(3151,'Eastern Province',191),
(3152,'Ha\'il',191),
(3153,'Jawf',191),
(3154,'Jizan',191),
(3155,'Makkah',191),
(3156,'Najran',191),
(3157,'Qasim',191),
(3158,'Tabuk',191),
(3159,'Western Province',191),
(3160,'al-Bahah',191),
(3161,'al-Hudud-ash-Shamaliyah',191),
(3162,'al-Madinah',191),
(3163,'ar-Riyad',191),
(3164,'Dakar',192),
(3165,'Diourbel',192),
(3166,'Fatick',192),
(3167,'Kaolack',192),
(3168,'Kolda',192),
(3169,'Louga',192),
(3170,'Saint-Louis',192),
(3171,'Tambacounda',192),
(3172,'Thies',192),
(3173,'Ziguinchor',192),
(3174,'Central Serbia',193),
(3175,'Kosovo and Metohija',193),
(3176,'Vojvodina',193),
(3177,'Anse Boileau',194),
(3178,'Anse Royale',194),
(3179,'Cascade',194),
(3180,'Takamaka',194),
(3181,'Victoria',194),
(3182,'Eastern',195),
(3183,'Northern',195),
(3184,'Southern',195),
(3185,'Western',195),
(3186,'Singapore',196),
(3187,'Banskobystricky',197),
(3188,'Bratislavsky',197),
(3189,'Kosicky',197),
(3190,'Nitriansky',197),
(3191,'Presovsky',197),
(3192,'Trenciansky',197),
(3193,'Trnavsky',197),
(3194,'Zilinsky',197),
(3195,'Benedikt',198),
(3196,'Gorenjska',198),
(3197,'Gorishka',198),
(3198,'Jugovzhodna Slovenija',198),
(3199,'Koroshka',198),
(3200,'Notranjsko-krashka',198),
(3201,'Obalno-krashka',198),
(3202,'Obcina Domzale',198),
(3203,'Obcina Vitanje',198),
(3204,'Osrednjeslovenska',198),
(3205,'Podravska',198),
(3206,'Pomurska',198),
(3207,'Savinjska',198),
(3208,'Slovenian Littoral',198),
(3209,'Spodnjeposavska',198),
(3210,'Zasavska',198),
(3211,'Pitcairn',199),
(3212,'Central',200),
(3213,'Choiseul',200),
(3214,'Guadalcanal',200),
(3215,'Isabel',200),
(3216,'Makira and Ulawa',200),
(3217,'Malaita',200),
(3218,'Rennell and Bellona',200),
(3219,'Temotu',200),
(3220,'Western',200),
(3221,'Awdal',201),
(3222,'Bakol',201),
(3223,'Banadir',201),
(3224,'Bari',201),
(3225,'Bay',201),
(3226,'Galgudug',201),
(3227,'Gedo',201),
(3228,'Hiran',201),
(3229,'Jubbada Hose',201),
(3230,'Jubbadha Dexe',201),
(3231,'Mudug',201),
(3232,'Nugal',201),
(3233,'Sanag',201),
(3234,'Shabellaha Dhexe',201),
(3235,'Shabellaha Hose',201),
(3236,'Togdher',201),
(3237,'Woqoyi Galbed',201),
(3238,'Eastern Cape',202),
(3239,'Free State',202),
(3240,'Gauteng',202),
(3241,'Kempton Park',202),
(3242,'Kramerville',202),
(3243,'KwaZulu Natal',202),
(3244,'Limpopo',202),
(3245,'Mpumalanga',202),
(3246,'North West',202),
(3247,'Northern Cape',202),
(3248,'Parow',202),
(3249,'Table View',202),
(3250,'Umtentweni',202),
(3251,'Western Cape',202),
(3252,'South Georgia',203),
(3253,'Central Equatoria',204),
(3254,'A Coruna',205),
(3255,'Alacant',205),
(3256,'Alava',205),
(3257,'Albacete',205),
(3258,'Almeria',205),
(3259,'Andalucia',205),
(3260,'Asturias',205),
(3261,'Avila',205),
(3262,'Badajoz',205),
(3263,'Balears',205),
(3264,'Barcelona',205),
(3265,'Bertamirans',205),
(3266,'Biscay',205),
(3267,'Burgos',205),
(3268,'Caceres',205),
(3269,'Cadiz',205),
(3270,'Cantabria',205),
(3271,'Castello',205),
(3272,'Catalunya',205),
(3273,'Ceuta',205),
(3274,'Ciudad Real',205),
(3275,'Comunidad Autonoma de Canarias',205),
(3276,'Comunidad Autonoma de Cataluna',205),
(3277,'Comunidad Autonoma de Galicia',205),
(3278,'Comunidad Autonoma de las Isla',205),
(3279,'Comunidad Autonoma del Princip',205),
(3280,'Comunidad Valenciana',205),
(3281,'Cordoba',205),
(3282,'Cuenca',205),
(3283,'Gipuzkoa',205),
(3284,'Girona',205),
(3285,'Granada',205),
(3286,'Guadalajara',205),
(3287,'Guipuzcoa',205),
(3288,'Huelva',205),
(3289,'Huesca',205),
(3290,'Jaen',205),
(3291,'La Rioja',205),
(3292,'Las Palmas',205),
(3293,'Leon',205),
(3294,'Lerida',205),
(3295,'Lleida',205),
(3296,'Lugo',205),
(3297,'Madrid',205),
(3298,'Malaga',205),
(3299,'Melilla',205),
(3300,'Murcia',205),
(3301,'Navarra',205),
(3302,'Ourense',205),
(3303,'Pais Vasco',205),
(3304,'Palencia',205),
(3305,'Pontevedra',205),
(3306,'Salamanca',205),
(3307,'Santa Cruz de Tenerife',205),
(3308,'Segovia',205),
(3309,'Sevilla',205),
(3310,'Soria',205),
(3311,'Tarragona',205),
(3312,'Tenerife',205),
(3313,'Teruel',205),
(3314,'Toledo',205),
(3315,'Valencia',205),
(3316,'Valladolid',205),
(3317,'Vizcaya',205),
(3318,'Zamora',205),
(3319,'Zaragoza',205),
(3320,'Amparai',206),
(3321,'Anuradhapuraya',206),
(3322,'Badulla',206),
(3323,'Boralesgamuwa',206),
(3324,'Colombo',206),
(3325,'Galla',206),
(3326,'Gampaha',206),
(3327,'Hambantota',206),
(3328,'Kalatura',206),
(3329,'Kegalla',206),
(3330,'Kilinochchi',206),
(3331,'Kurunegala',206),
(3332,'Madakalpuwa',206),
(3333,'Maha Nuwara',206),
(3334,'Malwana',206),
(3335,'Mannarama',206),
(3336,'Matale',206),
(3337,'Matara',206),
(3338,'Monaragala',206),
(3339,'Mullaitivu',206),
(3340,'North Eastern Province',206),
(3341,'North Western Province',206),
(3342,'Nuwara Eliya',206),
(3343,'Polonnaruwa',206),
(3344,'Puttalama',206),
(3345,'Ratnapuraya',206),
(3346,'Southern Province',206),
(3347,'Tirikunamalaya',206),
(3348,'Tuscany',206),
(3349,'Vavuniyawa',206),
(3350,'Western Province',206),
(3351,'Yapanaya',206),
(3352,'kadawatha',206),
(3353,'A\'ali-an-Nil',207),
(3354,'Bahr-al-Jabal',207),
(3355,'Central Equatoria',207),
(3356,'Gharb Bahr-al-Ghazal',207),
(3357,'Gharb Darfur',207),
(3358,'Gharb Kurdufan',207),
(3359,'Gharb-al-Istiwa\'iyah',207),
(3360,'Janub Darfur',207),
(3361,'Janub Kurdufan',207),
(3362,'Junqali',207),
(3363,'Kassala',207),
(3364,'Nahr-an-Nil',207),
(3365,'Shamal Bahr-al-Ghazal',207),
(3366,'Shamal Darfur',207),
(3367,'Shamal Kurdufan',207),
(3368,'Sharq-al-Istiwa\'iyah',207),
(3369,'Sinnar',207),
(3370,'Warab',207),
(3371,'Wilayat al Khartum',207),
(3372,'al-Bahr-al-Ahmar',207),
(3373,'al-Buhayrat',207),
(3374,'al-Jazirah',207),
(3375,'al-Khartum',207),
(3376,'al-Qadarif',207),
(3377,'al-Wahdah',207),
(3378,'an-Nil-al-Abyad',207),
(3379,'an-Nil-al-Azraq',207),
(3380,'ash-Shamaliyah',207),
(3381,'Brokopondo',208),
(3382,'Commewijne',208),
(3383,'Coronie',208),
(3384,'Marowijne',208),
(3385,'Nickerie',208),
(3386,'Para',208),
(3387,'Paramaribo',208),
(3388,'Saramacca',208),
(3389,'Wanica',208),
(3390,'Svalbard',209),
(3391,'Hhohho',210),
(3392,'Lubombo',210),
(3393,'Manzini',210),
(3394,'Shiselweni',210),
(3395,'Alvsborgs Lan',211),
(3396,'Angermanland',211),
(3397,'Blekinge',211),
(3398,'Bohuslan',211),
(3399,'Dalarna',211),
(3400,'Gavleborg',211),
(3401,'Gaza',211),
(3402,'Gotland',211),
(3403,'Halland',211),
(3404,'Jamtland',211),
(3405,'Jonkoping',211),
(3406,'Kalmar',211),
(3407,'Kristianstads',211),
(3408,'Kronoberg',211),
(3409,'Norrbotten',211),
(3410,'Orebro',211),
(3411,'Ostergotland',211),
(3412,'Saltsjo-Boo',211),
(3413,'Skane',211),
(3414,'Smaland',211),
(3415,'Sodermanland',211),
(3416,'Stockholm',211),
(3417,'Uppsala',211),
(3418,'Varmland',211),
(3419,'Vasterbotten',211),
(3420,'Vastergotland',211),
(3421,'Vasternorrland',211),
(3422,'Vastmanland',211),
(3423,'Vastra Gotaland',211),
(3424,'Aargau',212),
(3425,'Appenzell Inner-Rhoden',212),
(3426,'Appenzell-Ausser Rhoden',212),
(3427,'Basel-Landschaft',212),
(3428,'Basel-Stadt',212),
(3429,'Bern',212),
(3430,'Canton Ticino',212),
(3431,'Fribourg',212),
(3432,'Geneve',212),
(3433,'Glarus',212),
(3434,'Graubunden',212),
(3435,'Heerbrugg',212),
(3436,'Jura',212),
(3437,'Kanton Aargau',212),
(3438,'Luzern',212),
(3439,'Morbio Inferiore',212),
(3440,'Muhen',212),
(3441,'Neuchatel',212),
(3442,'Nidwalden',212),
(3443,'Obwalden',212),
(3444,'Sankt Gallen',212),
(3445,'Schaffhausen',212),
(3446,'Schwyz',212),
(3447,'Solothurn',212),
(3448,'Thurgau',212),
(3449,'Ticino',212),
(3450,'Uri',212),
(3451,'Valais',212),
(3452,'Vaud',212),
(3453,'Vauffelin',212),
(3454,'Zug',212),
(3455,'Zurich',212),
(3456,'Aleppo',213),
(3457,'Dar\'a',213),
(3458,'Dayr-az-Zawr',213),
(3459,'Dimashq',213),
(3460,'Halab',213),
(3461,'Hamah',213),
(3462,'Hims',213),
(3463,'Idlib',213),
(3464,'Madinat Dimashq',213),
(3465,'Tartus',213),
(3466,'al-Hasakah',213),
(3467,'al-Ladhiqiyah',213),
(3468,'al-Qunaytirah',213),
(3469,'ar-Raqqah',213),
(3470,'as-Suwayda',213),
(3471,'Changhwa',214),
(3472,'Chiayi Hsien',214),
(3473,'Chiayi Shih',214),
(3474,'Eastern Taipei',214),
(3475,'Hsinchu Hsien',214),
(3476,'Hsinchu Shih',214),
(3477,'Hualien',214),
(3478,'Ilan',214),
(3479,'Kaohsiung Hsien',214),
(3480,'Kaohsiung Shih',214),
(3481,'Keelung Shih',214),
(3482,'Kinmen',214),
(3483,'Miaoli',214),
(3484,'Nantou',214),
(3485,'Northern Taiwan',214),
(3486,'Penghu',214),
(3487,'Pingtung',214),
(3488,'Taichung',214),
(3489,'Taichung Hsien',214),
(3490,'Taichung Shih',214),
(3491,'Tainan Hsien',214),
(3492,'Tainan Shih',214),
(3493,'Taipei Hsien',214),
(3494,'Taipei Shih / Taipei Hsien',214),
(3495,'Taitung',214),
(3496,'Taoyuan',214),
(3497,'Yilan',214),
(3498,'Yun-Lin Hsien',214),
(3499,'Yunlin',214),
(3500,'Dushanbe',215),
(3501,'Gorno-Badakhshan',215),
(3502,'Karotegin',215),
(3503,'Khatlon',215),
(3504,'Sughd',215),
(3505,'Arusha',216),
(3506,'Dar es Salaam',216),
(3507,'Dodoma',216),
(3508,'Iringa',216),
(3509,'Kagera',216),
(3510,'Kigoma',216),
(3511,'Kilimanjaro',216),
(3512,'Lindi',216),
(3513,'Mara',216),
(3514,'Mbeya',216),
(3515,'Morogoro',216),
(3516,'Mtwara',216),
(3517,'Mwanza',216),
(3518,'Pwani',216),
(3519,'Rukwa',216),
(3520,'Ruvuma',216),
(3521,'Shinyanga',216),
(3522,'Singida',216),
(3523,'Tabora',216),
(3524,'Tanga',216),
(3525,'Zanzibar and Pemba',216),
(3526,'Amnat Charoen',217),
(3527,'Ang Thong',217),
(3528,'Bangkok',217),
(3529,'Buri Ram',217),
(3530,'Chachoengsao',217),
(3531,'Chai Nat',217),
(3532,'Chaiyaphum',217),
(3533,'Changwat Chaiyaphum',217),
(3534,'Chanthaburi',217),
(3535,'Chiang Mai',217),
(3536,'Chiang Rai',217),
(3537,'Chon Buri',217),
(3538,'Chumphon',217),
(3539,'Kalasin',217),
(3540,'Kamphaeng Phet',217),
(3541,'Kanchanaburi',217),
(3542,'Khon Kaen',217),
(3543,'Krabi',217),
(3544,'Krung Thep',217),
(3545,'Lampang',217),
(3546,'Lamphun',217),
(3547,'Loei',217),
(3548,'Lop Buri',217),
(3549,'Mae Hong Son',217),
(3550,'Maha Sarakham',217),
(3551,'Mukdahan',217),
(3552,'Nakhon Nayok',217),
(3553,'Nakhon Pathom',217),
(3554,'Nakhon Phanom',217),
(3555,'Nakhon Ratchasima',217),
(3556,'Nakhon Sawan',217),
(3557,'Nakhon Si Thammarat',217),
(3558,'Nan',217),
(3559,'Narathiwat',217),
(3560,'Nong Bua Lam Phu',217),
(3561,'Nong Khai',217),
(3562,'Nonthaburi',217),
(3563,'Pathum Thani',217),
(3564,'Pattani',217),
(3565,'Phangnga',217),
(3566,'Phatthalung',217),
(3567,'Phayao',217),
(3568,'Phetchabun',217),
(3569,'Phetchaburi',217),
(3570,'Phichit',217),
(3571,'Phitsanulok',217),
(3572,'Phra Nakhon Si Ayutthaya',217),
(3573,'Phrae',217),
(3574,'Phuket',217),
(3575,'Prachin Buri',217),
(3576,'Prachuap Khiri Khan',217),
(3577,'Ranong',217),
(3578,'Ratchaburi',217),
(3579,'Rayong',217),
(3580,'Roi Et',217),
(3581,'Sa Kaeo',217),
(3582,'Sakon Nakhon',217),
(3583,'Samut Prakan',217),
(3584,'Samut Sakhon',217),
(3585,'Samut Songkhran',217),
(3586,'Saraburi',217),
(3587,'Satun',217),
(3588,'Si Sa Ket',217),
(3589,'Sing Buri',217),
(3590,'Songkhla',217),
(3591,'Sukhothai',217),
(3592,'Suphan Buri',217),
(3593,'Surat Thani',217),
(3594,'Surin',217),
(3595,'Tak',217),
(3596,'Trang',217),
(3597,'Trat',217),
(3598,'Ubon Ratchathani',217),
(3599,'Udon Thani',217),
(3600,'Uthai Thani',217),
(3601,'Uttaradit',217),
(3602,'Yala',217),
(3603,'Yasothon',217),
(3604,'Centre',218),
(3605,'Kara',218),
(3606,'Maritime',218),
(3607,'Plateaux',218),
(3608,'Savanes',218),
(3609,'Atafu',219),
(3610,'Fakaofo',219),
(3611,'Nukunonu',219),
(3612,'Eua',220),
(3613,'Ha\'apai',220),
(3614,'Niuas',220),
(3615,'Tongatapu',220),
(3616,'Vava\'u',220),
(3617,'Arima-Tunapuna-Piarco',221),
(3618,'Caroni',221),
(3619,'Chaguanas',221),
(3620,'Couva-Tabaquite-Talparo',221),
(3621,'Diego Martin',221),
(3622,'Glencoe',221),
(3623,'Penal Debe',221),
(3624,'Point Fortin',221),
(3625,'Port of Spain',221),
(3626,'Princes Town',221),
(3627,'Saint George',221),
(3628,'San Fernando',221),
(3629,'San Juan',221),
(3630,'Sangre Grande',221),
(3631,'Siparia',221),
(3632,'Tobago',221),
(3633,'Aryanah',222),
(3634,'Bajah',222),
(3635,'Bin \'Arus',222),
(3636,'Binzart',222),
(3637,'Gouvernorat de Ariana',222),
(3638,'Gouvernorat de Nabeul',222),
(3639,'Gouvernorat de Sousse',222),
(3640,'Hammamet Yasmine',222),
(3641,'Jundubah',222),
(3642,'Madaniyin',222),
(3643,'Manubah',222),
(3644,'Monastir',222),
(3645,'Nabul',222),
(3646,'Qabis',222),
(3647,'Qafsah',222),
(3648,'Qibili',222),
(3649,'Safaqis',222),
(3650,'Sfax',222),
(3651,'Sidi Bu Zayd',222),
(3652,'Silyanah',222),
(3653,'Susah',222),
(3654,'Tatawin',222),
(3655,'Tawzar',222),
(3656,'Tunis',222),
(3657,'Zaghwan',222),
(3658,'al-Kaf',222),
(3659,'al-Mahdiyah',222),
(3660,'al-Munastir',222),
(3661,'al-Qasrayn',222),
(3662,'al-Qayrawan',222),
(3663,'Adana',223),
(3664,'Adiyaman',223),
(3665,'Afyon',223),
(3666,'Agri',223),
(3667,'Aksaray',223),
(3668,'Amasya',223),
(3669,'Ankara',223),
(3670,'Antalya',223),
(3671,'Ardahan',223),
(3672,'Artvin',223),
(3673,'Aydin',223),
(3674,'Balikesir',223),
(3675,'Bartin',223),
(3676,'Batman',223),
(3677,'Bayburt',223),
(3678,'Bilecik',223),
(3679,'Bingol',223),
(3680,'Bitlis',223),
(3681,'Bolu',223),
(3682,'Burdur',223),
(3683,'Bursa',223),
(3684,'Canakkale',223),
(3685,'Cankiri',223),
(3686,'Corum',223),
(3687,'Denizli',223),
(3688,'Diyarbakir',223),
(3689,'Duzce',223),
(3690,'Edirne',223),
(3691,'Elazig',223),
(3692,'Erzincan',223),
(3693,'Erzurum',223),
(3694,'Eskisehir',223),
(3695,'Gaziantep',223),
(3696,'Giresun',223),
(3697,'Gumushane',223),
(3698,'Hakkari',223),
(3699,'Hatay',223),
(3700,'Icel',223),
(3701,'Igdir',223),
(3702,'Isparta',223),
(3703,'Istanbul',223),
(3704,'Izmir',223),
(3705,'Kahramanmaras',223),
(3706,'Karabuk',223),
(3707,'Karaman',223),
(3708,'Kars',223),
(3709,'Karsiyaka',223),
(3710,'Kastamonu',223),
(3711,'Kayseri',223),
(3712,'Kilis',223),
(3713,'Kirikkale',223),
(3714,'Kirklareli',223),
(3715,'Kirsehir',223),
(3716,'Kocaeli',223),
(3717,'Konya',223),
(3718,'Kutahya',223),
(3719,'Lefkosa',223),
(3720,'Malatya',223),
(3721,'Manisa',223),
(3722,'Mardin',223),
(3723,'Mugla',223),
(3724,'Mus',223),
(3725,'Nevsehir',223),
(3726,'Nigde',223),
(3727,'Ordu',223),
(3728,'Osmaniye',223),
(3729,'Rize',223),
(3730,'Sakarya',223),
(3731,'Samsun',223),
(3732,'Sanliurfa',223),
(3733,'Siirt',223),
(3734,'Sinop',223),
(3735,'Sirnak',223),
(3736,'Sivas',223),
(3737,'Tekirdag',223),
(3738,'Tokat',223),
(3739,'Trabzon',223),
(3740,'Tunceli',223),
(3741,'Usak',223),
(3742,'Van',223),
(3743,'Yalova',223),
(3744,'Yozgat',223),
(3745,'Zonguldak',223),
(3746,'Ahal',224),
(3747,'Asgabat',224),
(3748,'Balkan',224),
(3749,'Dasoguz',224),
(3750,'Lebap',224),
(3751,'Mari',224),
(3752,'Grand Turk',225),
(3753,'South Caicos and East Caicos',225),
(3754,'Funafuti',226),
(3755,'Nanumanga',226),
(3756,'Nanumea',226),
(3757,'Niutao',226),
(3758,'Nui',226),
(3759,'Nukufetau',226),
(3760,'Nukulaelae',226),
(3761,'Vaitupu',226),
(3762,'Central',227),
(3763,'Eastern',227),
(3764,'Northern',227),
(3765,'Western',227),
(3766,'Cherkas\'ka',228),
(3767,'Chernihivs\'ka',228),
(3768,'Chernivets\'ka',228),
(3769,'Crimea',228),
(3770,'Dnipropetrovska',228),
(3771,'Donets\'ka',228),
(3772,'Ivano-Frankivs\'ka',228),
(3773,'Kharkiv',228),
(3774,'Kharkov',228),
(3775,'Khersonska',228),
(3776,'Khmel\'nyts\'ka',228),
(3777,'Kirovohrad',228),
(3778,'Krym',228),
(3779,'Kyyiv',228),
(3780,'Kyyivs\'ka',228),
(3781,'L\'vivs\'ka',228),
(3782,'Luhans\'ka',228),
(3783,'Mykolayivs\'ka',228),
(3784,'Odes\'ka',228),
(3785,'Odessa',228),
(3786,'Poltavs\'ka',228),
(3787,'Rivnens\'ka',228),
(3788,'Sevastopol\'',228),
(3789,'Sums\'ka',228),
(3790,'Ternopil\'s\'ka',228),
(3791,'Volyns\'ka',228),
(3792,'Vynnyts\'ka',228),
(3793,'Zakarpats\'ka',228),
(3794,'Zaporizhia',228),
(3795,'Zhytomyrs\'ka',228),
(3796,'Abu Zabi',229),
(3797,'Ajman',229),
(3798,'Dubai',229),
(3799,'Ras al-Khaymah',229),
(3800,'Sharjah',229),
(3801,'Sharjha',229),
(3802,'Umm al Qaywayn',229),
(3803,'al-Fujayrah',229),
(3804,'ash-Shariqah',229),
(3805,'Aberdeen',230),
(3806,'Aberdeenshire',230),
(3807,'Argyll',230),
(3808,'Armagh',230),
(3809,'Bedfordshire',230),
(3810,'Belfast',230),
(3811,'Berkshire',230),
(3812,'Birmingham',230),
(3813,'Brechin',230),
(3814,'Bridgnorth',230),
(3815,'Bristol',230),
(3816,'Buckinghamshire',230),
(3817,'Cambridge',230),
(3818,'Cambridgeshire',230),
(3819,'Channel Islands',230),
(3820,'Cheshire',230),
(3821,'Cleveland',230),
(3822,'Co Fermanagh',230),
(3823,'Conwy',230),
(3824,'Cornwall',230),
(3825,'Coventry',230),
(3826,'Craven Arms',230),
(3827,'Cumbria',230),
(3828,'Denbighshire',230),
(3829,'Derby',230),
(3830,'Derbyshire',230),
(3831,'Devon',230),
(3832,'Dial Code Dungannon',230),
(3833,'Didcot',230),
(3834,'Dorset',230),
(3835,'Dunbartonshire',230),
(3836,'Durham',230),
(3837,'East Dunbartonshire',230),
(3838,'East Lothian',230),
(3839,'East Midlands',230),
(3840,'East Sussex',230),
(3841,'East Yorkshire',230),
(3842,'England',230),
(3843,'Essex',230),
(3844,'Fermanagh',230),
(3845,'Fife',230),
(3846,'Flintshire',230),
(3847,'Fulham',230),
(3848,'Gainsborough',230),
(3849,'Glocestershire',230),
(3850,'Gwent',230),
(3851,'Hampshire',230),
(3852,'Hants',230),
(3853,'Herefordshire',230),
(3854,'Hertfordshire',230),
(3855,'Ireland',230),
(3856,'Isle Of Man',230),
(3857,'Isle of Wight',230),
(3858,'Kenford',230),
(3859,'Kent',230),
(3860,'Kilmarnock',230),
(3861,'Lanarkshire',230),
(3862,'Lancashire',230),
(3863,'Leicestershire',230),
(3864,'Lincolnshire',230),
(3865,'Llanymynech',230),
(3866,'London',230),
(3867,'Ludlow',230),
(3868,'Manchester',230),
(3869,'Mayfair',230),
(3870,'Merseyside',230),
(3871,'Mid Glamorgan',230),
(3872,'Middlesex',230),
(3873,'Mildenhall',230),
(3874,'Monmouthshire',230),
(3875,'Newton Stewart',230),
(3876,'Norfolk',230),
(3877,'North Humberside',230),
(3878,'North Yorkshire',230),
(3879,'Northamptonshire',230),
(3880,'Northants',230),
(3881,'Northern Ireland',230),
(3882,'Northumberland',230),
(3883,'Nottinghamshire',230),
(3884,'Oxford',230),
(3885,'Powys',230),
(3886,'Roos-shire',230),
(3887,'SUSSEX',230),
(3888,'Sark',230),
(3889,'Scotland',230),
(3890,'Scottish Borders',230),
(3891,'Shropshire',230),
(3892,'Somerset',230),
(3893,'South Glamorgan',230),
(3894,'South Wales',230),
(3895,'South Yorkshire',230),
(3896,'Southwell',230),
(3897,'Staffordshire',230),
(3898,'Strabane',230),
(3899,'Suffolk',230),
(3900,'Surrey',230),
(3901,'Sussex',230),
(3902,'Twickenham',230),
(3903,'Tyne and Wear',230),
(3904,'Tyrone',230),
(3905,'Utah',230),
(3906,'Wales',230),
(3907,'Warwickshire',230),
(3908,'West Lothian',230),
(3909,'West Midlands',230),
(3910,'West Sussex',230),
(3911,'West Yorkshire',230),
(3912,'Whissendine',230),
(3913,'Wiltshire',230),
(3914,'Wokingham',230),
(3915,'Worcestershire',230),
(3916,'Wrexham',230),
(3917,'Wurttemberg',230),
(3918,'Yorkshire',230),
(3919,'Alabama',231),
(3920,'Alaska',231),
(3921,'Arizona',231),
(3922,'Arkansas',231),
(3923,'Byram',231),
(3924,'California',231),
(3925,'Cokato',231),
(3926,'Colorado',231),
(3927,'Connecticut',231),
(3928,'Delaware',231),
(3929,'District of Columbia',231),
(3930,'Florida',231),
(3931,'Georgia',231),
(3932,'Hawaii',231),
(3933,'Idaho',231),
(3934,'Illinois',231),
(3935,'Indiana',231),
(3936,'Iowa',231),
(3937,'Kansas',231),
(3938,'Kentucky',231),
(3939,'Louisiana',231),
(3940,'Lowa',231),
(3941,'Maine',231),
(3942,'Maryland',231),
(3943,'Massachusetts',231),
(3944,'Medfield',231),
(3945,'Michigan',231),
(3946,'Minnesota',231),
(3947,'Mississippi',231),
(3948,'Missouri',231),
(3949,'Montana',231),
(3950,'Nebraska',231),
(3951,'Nevada',231),
(3952,'New Hampshire',231),
(3953,'New Jersey',231),
(3954,'New Jersy',231),
(3955,'New Mexico',231),
(3956,'New York',231),
(3957,'North Carolina',231),
(3958,'North Dakota',231),
(3959,'Ohio',231),
(3960,'Oklahoma',231),
(3961,'Ontario',231),
(3962,'Oregon',231),
(3963,'Pennsylvania',231),
(3964,'Ramey',231),
(3965,'Rhode Island',231),
(3966,'South Carolina',231),
(3967,'South Dakota',231),
(3968,'Sublimity',231),
(3969,'Tennessee',231),
(3970,'Texas',231),
(3971,'Trimble',231),
(3972,'Utah',231),
(3973,'Vermont',231),
(3974,'Virginia',231),
(3975,'Washington',231),
(3976,'West Virginia',231),
(3977,'Wisconsin',231),
(3978,'Wyoming',231),
(3979,'United States Minor Outlying I',232),
(3980,'Artigas',233),
(3981,'Canelones',233),
(3982,'Cerro Largo',233),
(3983,'Colonia',233),
(3984,'Durazno',233),
(3985,'FLorida',233),
(3986,'Flores',233),
(3987,'Lavalleja',233),
(3988,'Maldonado',233),
(3989,'Montevideo',233),
(3990,'Paysandu',233),
(3991,'Rio Negro',233),
(3992,'Rivera',233),
(3993,'Rocha',233),
(3994,'Salto',233),
(3995,'San Jose',233),
(3996,'Soriano',233),
(3997,'Tacuarembo',233),
(3998,'Treinta y Tres',233),
(3999,'Andijon',234),
(4000,'Buhoro',234),
(4001,'Buxoro Viloyati',234),
(4002,'Cizah',234),
(4003,'Fargona',234),
(4004,'Horazm',234),
(4005,'Kaskadar',234),
(4006,'Korakalpogiston',234),
(4007,'Namangan',234),
(4008,'Navoi',234),
(4009,'Samarkand',234),
(4010,'Sirdare',234),
(4011,'Surhondar',234),
(4012,'Toskent',234),
(4013,'Malampa',235),
(4014,'Penama',235),
(4015,'Sanma',235),
(4016,'Shefa',235),
(4017,'Tafea',235),
(4018,'Torba',235),
(4019,'Vatican City State (Holy See)',236),
(4020,'Amazonas',237),
(4021,'Anzoategui',237),
(4022,'Apure',237),
(4023,'Aragua',237),
(4024,'Barinas',237),
(4025,'Bolivar',237),
(4026,'Carabobo',237),
(4027,'Cojedes',237),
(4028,'Delta Amacuro',237),
(4029,'Distrito Federal',237),
(4030,'Falcon',237),
(4031,'Guarico',237),
(4032,'Lara',237),
(4033,'Merida',237),
(4034,'Miranda',237),
(4035,'Monagas',237),
(4036,'Nueva Esparta',237),
(4037,'Portuguesa',237),
(4038,'Sucre',237),
(4039,'Tachira',237),
(4040,'Trujillo',237),
(4041,'Vargas',237),
(4042,'Yaracuy',237),
(4043,'Zulia',237),
(4044,'Bac Giang',238),
(4045,'Binh Dinh',238),
(4046,'Binh Duong',238),
(4047,'Da Nang',238),
(4048,'Dong Bang Song Cuu Long',238),
(4049,'Dong Bang Song Hong',238),
(4050,'Dong Nai',238),
(4051,'Dong Nam Bo',238),
(4052,'Duyen Hai Mien Trung',238),
(4053,'Hanoi',238),
(4054,'Hung Yen',238),
(4055,'Khu Bon Cu',238),
(4056,'Long An',238),
(4057,'Mien Nui Va Trung Du',238),
(4058,'Thai Nguyen',238),
(4059,'Thanh Pho Ho Chi Minh',238),
(4060,'Thu Do Ha Noi',238),
(4061,'Tinh Can Tho',238),
(4062,'Tinh Da Nang',238),
(4063,'Tinh Gia Lai',238),
(4064,'Anegada',239),
(4065,'Jost van Dyke',239),
(4066,'Tortola',239),
(4067,'Saint Croix',240),
(4068,'Saint John',240),
(4069,'Saint Thomas',240),
(4070,'Alo',241),
(4071,'Singave',241),
(4072,'Wallis',241),
(4073,'Bu Jaydur',242),
(4074,'Wad-adh-Dhahab',242),
(4075,'al-\'Ayun',242),
(4076,'as-Samarah',242),
(4077,'\'Adan',243),
(4078,'Abyan',243),
(4079,'Dhamar',243),
(4080,'Hadramaut',243),
(4081,'Hajjah',243),
(4082,'Hudaydah',243),
(4083,'Ibb',243),
(4084,'Lahij',243),
(4085,'Ma\'rib',243),
(4086,'Madinat San\'a',243),
(4087,'Sa\'dah',243),
(4088,'Sana',243),
(4089,'Shabwah',243),
(4090,'Ta\'izz',243),
(4091,'al-Bayda',243),
(4092,'al-Hudaydah',243),
(4093,'al-Jawf',243),
(4094,'al-Mahrah',243),
(4095,'al-Mahwit',243),
(4096,'Central Serbia',244),
(4097,'Kosovo and Metohija',244),
(4098,'Montenegro',244),
(4099,'Republic of Serbia',244),
(4100,'Serbia',244),
(4101,'Vojvodina',244),
(4102,'Central',245),
(4103,'Copperbelt',245),
(4104,'Eastern',245),
(4105,'Luapala',245),
(4106,'Lusaka',245),
(4107,'North-Western',245),
(4108,'Northern',245),
(4109,'Southern',245),
(4110,'Western',245),
(4111,'Bulawayo',246),
(4112,'Harare',246),
(4113,'Manicaland',246),
(4114,'Mashonaland Central',246),
(4115,'Mashonaland East',246),
(4116,'Mashonaland West',246),
(4117,'Masvingo',246),
(4118,'Matabeleland North',246),
(4119,'Matabeleland South',246),
(4120,'Midlands',246);

/*Table structure for table `user` */

DROP TABLE IF EXISTS `user`;

CREATE TABLE `user` (
  `user_id` int(11) NOT NULL,
  `active` int(11) DEFAULT NULL,
  `email` varchar(255) DEFAULT NULL,
  `last_name` varchar(255) DEFAULT NULL,
  `name` varchar(255) DEFAULT NULL,
  `password` varchar(255) DEFAULT NULL,
  PRIMARY KEY (`user_id`)
) ENGINE=InnoDB DEFAULT CHARSET=latin1;

/*Data for the table `user` */

insert  into `user`(`user_id`,`active`,`email`,`last_name`,`name`,`password`) values 
(1,1,'abc@gmail.com','Admin','System','$2a$10$TV64IQsoNq3xfCLnIo81IuMU8FSdXBMlEtuP7335u1.7Lh90BCjHO');

/*Table structure for table `user_role` */

DROP TABLE IF EXISTS `user_role`;

CREATE TABLE `user_role` (
  `user_id` int(11) NOT NULL,
  `role_id` int(11) NOT NULL,
  PRIMARY KEY (`user_id`,`role_id`),
  KEY `FKa68196081fvovjhkek5m97n3y` (`role_id`),
  CONSTRAINT `FK859n2jvi8ivhui0rl0esws6o` FOREIGN KEY (`user_id`) REFERENCES `user` (`user_id`),
  CONSTRAINT `FKa68196081fvovjhkek5m97n3y` FOREIGN KEY (`role_id`) REFERENCES `role` (`role_id`)
) ENGINE=InnoDB DEFAULT CHARSET=latin1;

/*Data for the table `user_role` */

insert  into `user_role`(`user_id`,`role_id`) values 
(1,1),
(1,2);

/*!40101 SET SQL_MODE=@OLD_SQL_MODE */;
/*!40014 SET FOREIGN_KEY_CHECKS=@OLD_FOREIGN_KEY_CHECKS */;
/*!40014 SET UNIQUE_CHECKS=@OLD_UNIQUE_CHECKS */;
/*!40111 SET SQL_NOTES=@OLD_SQL_NOTES */;
